序號,測站,監測日期,監測時間,測站氣壓(hPa),溫度(℃),相對溼度(%),風向,風速(m/s),降水量(mm),日照時數(小時)
1,臺北,2020/03/03,23:03:00,"1,015.6",20.3,82,東,3.9,0,-
2,臺北,2020/03/03,22:03:00,"1,015.8",20.3,83,東,3.6,0,-
3,臺北,2020/03/03,21:03:00,"1,015.8",20.4,81,東北東,4.5,0,-
4,臺北,2020/03/03,20:03:00,"1,015.1",20.2,80,東,4.8,0,-
5,臺北,2020/03/03,19:03:00,"1,014.4",20.4,78,東,5.1,0,0
6,臺北,2020/03/03,18:03:00,"1,013.7",20.6,76,東,5.5,0,0.1
7,臺北,2020/03/03,17:03:00,"1,013.5",21.4,68,東北東,4.5,0,0.5
8,臺北,2020/03/03,16:03:00,"1,013.5",23.8,52,東,4.8,0,1
9,臺北,2020/03/03,15:03:00,"1,013.4",25.3,52,東,2.7,0,0.5
10,臺北,2020/03/03,14:03:00,"1,013.9",25.7,51,東南東,1.6,0,0.2
11,臺北,2020/03/03,13:03:00,"1,015.1",23.3,54,東南東,2.2,0,0.1
12,臺北,2020/03/03,12:03:00,"1,016.2",23.9,53,東,1.9,0,0.1
13,臺北,2020/03/03,11:03:00,"1,017.1",21.9,60,東北,3.6,0,0
14,臺北,2020/03/03,10:03:00,"1,017.5",21.8,61,東,2.4,0,0
15,臺北,2020/03/03,09:03:00,"1,017.7",20.3,69,東,4.3,0,0
16,臺北,2020/03/03,08:03:00,"1,017.3",18.9,76,東,3.6,0,0
17,臺北,2020/03/03,07:03:00,"1,017.4",18,79,東,3.8,0,0
18,臺北,2020/03/03,06:03:00,"1,016.3",17.4,82,東,4.5,0,0
19,臺北,2020/03/03,05:03:00,"1,016.2",17.3,81,東北東,3.1,0,-
20,臺北,2020/03/03,04:03:00,"1,016.1",17.3,81,東,3.4,0,-
21,臺北,2020/03/03,03:03:00,"1,016.9",16.9,83,東,3.5,0,-
22,臺北,2020/03/03,02:03:00,"1,017.5",17,82,東,3,0,-
23,臺北,2020/03/03,01:03:00,"1,017.7",17.1,79,東,4.3,0,-
24,臺北,2020/03/03,00:03:00,"1,015.1",20.2,84,東,4.4,0,-
25,臺北,2020/03/02,23:03:00,"1,018.3",17.6,75,東南東,3.6,0,-
26,臺北,2020/03/02,22:03:00,"1,018.2",17.8,73,東,3.9,0,-
27,臺北,2020/03/02,21:03:00,"1,017.8",17.9,73,東,4.9,0,-
28,臺北,2020/03/02,20:03:00,"1,017.3",17.7,74,東北東,6.3,0,-
29,臺北,2020/03/02,19:03:00,"1,016.6",17.8,74,東,4.2,0,0
30,臺北,2020/03/02,18:03:00,"1,016.1",17.3,78,東,5,0,0
31,臺北,2020/03/02,17:03:00,"1,015.9",17,76,東,5.9,0,0
32,臺北,2020/03/02,16:03:00,"1,015.8",17.5,72,東,4.4,0,0
33,臺北,2020/03/02,15:03:00,"1,015.9",18.2,67,東,5.9,0,0
34,臺北,2020/03/02,14:03:00,"1,016.4",18.3,65,東,5.7,0,0
35,臺北,2020/03/02,13:03:00,"1,017.1",18.7,62,東,5.2,0,0
36,臺北,2020/03/02,12:03:00,"1,017.9",19.1,58,東,5.8,0,0.2
37,臺北,2020/03/02,11:03:00,"1,018.9",19.7,57,東,4.3,0,0.1
38,臺北,2020/03/02,10:03:00,"1,019.3",18.7,64,東,4.7,0,0
39,臺北,2020/03/02,09:03:00,"1,019.7",17.2,72,東南東,3.9,0,0
40,臺北,2020/03/02,08:03:00,"1,019.1",16.5,77,東,3.9,0,0
41,臺北,2020/03/02,07:03:00,"1,018.5",16.1,80,東,4,0,0
42,臺北,2020/03/02,06:03:00,"1,017.8",16.3,79,東,2.8,0,0
43,臺北,2020/03/02,05:03:00,"1,016.9",16.4,79,東,3.5,0,-
44,臺北,2020/03/02,04:03:00,"1,016.3",16.6,79,東,4.2,0,-
45,臺北,2020/03/02,03:03:00,"1,016.2",16.8,76,東北東,3.7,0,-
46,臺北,2020/03/02,02:03:00,"1,016.1",17.4,77,東,3.8,0,-
47,臺北,2020/03/02,01:03:00,"1,016.2",17.9,78,東,3.7,0,-
48,臺北,2020/03/02,00:03:00,"1,017.9",17.3,77,東,4.3,0,-
49,臺北,2020/03/01,23:03:00,"1,015.5",18.8,76,東北東,3.5,0,-
50,臺北,2020/03/01,22:03:00,"1,015",19.4,75,東,3.1,0,-
51,臺北,2020/03/01,21:03:00,"1,014.2",19.9,75,東北東,3.5,0,-
52,臺北,2020/03/01,20:03:00,"1,013.4",20,78,東,3.4,0,-
53,臺北,2020/03/01,19:03:00,"1,012.4",20.1,79,東南東,2.5,0,0
54,臺北,2020/03/01,18:03:00,"1,011.8",20.4,79,西,0.5,0,0
55,臺北,2020/03/01,17:03:00,"1,011.3",20.2,79,西北西,1.2,0,0
56,臺北,2020/03/01,16:03:00,"1,010.9",20.5,79,西北西,1.2,0,0
57,臺北,2020/03/01,15:03:00,"1,010.3",22.4,71,西北,1.7,0,0
58,臺北,2020/03/01,14:03:00,"1,009.8",23.4,65,西北,2.7,0,0
59,臺北,2020/03/01,13:03:00,"1,010",24.8,55,北北西,3.6,0,0.5
60,臺北,2020/03/01,12:03:00,"1,010.6",26.1,54,北北西,2.4,0,0.7
61,臺北,2020/03/01,11:03:00,"1,011",25.7,56,西北,3.5,0,0.6
62,臺北,2020/03/01,10:03:00,"1,011.2",25.2,64,西北,1.2,0,0.4
63,臺北,2020/03/01,09:03:00,"1,011",22.9,77,西北,0.7,0,0
64,臺北,2020/03/01,08:03:00,"1,010.9",21,87,西北,0.3,0,0
65,臺北,2020/03/01,07:03:00,"1,010.5",19.6,93,西北西,0.5,0,0
66,臺北,2020/03/01,06:03:00,"1,010.2",19.2,90,西南,0.9,0,0
67,臺北,2020/03/01,05:03:00,"1,009.6",19.4,90,南南西,0.7,0,-
68,臺北,2020/03/01,04:03:00,"1,009.4",19.8,87,南,0.7,0,-
69,臺北,2020/03/01,03:03:00,"1,009.6",20.8,83,西南,0.9,0,-
70,臺北,2020/03/01,02:03:00,"1,009.9",21,84,南,0.9,0,-
71,臺北,2020/03/01,01:03:00,"1,010.1",20.7,87,南南東,0.9,0,-
72,臺北,2020/03/01,00:03:00,"1,016",18.3,76,東,3.5,0,-
73,臺北,2020/02/29,23:02:00,"1,011",21.5,85,南南西,0.7,0,-
74,臺北,2020/02/29,22:02:00,"1,011",21.9,82,南南東,0.7,0,-
75,臺北,2020/02/29,21:02:00,"1,010.8",22.4,81,南,1.2,0,-
76,臺北,2020/02/29,20:02:00,"1,010.4",23,72,靜風,0.1,0,-
77,臺北,2020/02/29,19:02:00,"1,009.8",23.7,68,東北,1.5,0,0
78,臺北,2020/02/29,18:02:00,"1,009.2",24,68,東,1.3,0,0.1
79,臺北,2020/02/29,17:02:00,"1,009.3",24.5,60,東,2.4,0,0.1
80,臺北,2020/02/29,16:02:00,"1,009.4",24.7,62,北北東,1.1,0,0
81,臺北,2020/02/29,15:02:00,"1,009.4",26.4,54,北,1.7,0,0
82,臺北,2020/02/29,14:02:00,"1,009.7",26.9,51,北,1,0,0
83,臺北,2020/02/29,13:02:00,"1,010.5",26.9,47,北,2.5,0,0.1
84,臺北,2020/02/29,12:02:00,"1,011.6",28.2,38,西南西,0.6,0,0.5
85,臺北,2020/02/29,11:02:00,"1,012.2",28.4,38,靜風,0.2,0,0.9
86,臺北,2020/02/29,10:02:00,"1,012.8",25.7,48,東南,0.4,0,0.8
87,臺北,2020/02/29,09:02:00,"1,013",24,57,南,1.7,0,1
88,臺北,2020/02/29,08:02:00,"1,012.7",20.2,83,南,0.8,0,0.9
89,臺北,2020/02/29,07:02:00,"1,012.5",18.7,91,靜風,0,0,0.1
90,臺北,2020/02/29,06:02:00,"1,012.2",18.2,93,南南西,0.9,0,0
91,臺北,2020/02/29,05:02:00,"1,011.9",18.5,92,西南,0.8,0,-
92,臺北,2020/02/29,04:02:00,"1,011.5",18.8,91,西南,0.9,0,-
93,臺北,2020/02/29,03:02:00,"1,011.9",18.9,90,西南,0.7,0,-
94,臺北,2020/02/29,02:02:00,"1,012.2",19.4,90,南,1.1,0,-
95,臺北,2020/02/29,01:02:00,"1,012.3",19.5,91,南,0.5,0,-
96,臺北,2020/02/29,00:02:00,"1,010.5",21.2,84,南南東,1.7,0,-
97,臺北,2020/02/28,23:02:00,"1,013.3",19.8,90,南南西,0.5,0,-
98,臺北,2020/02/28,22:02:00,"1,013.6",20.1,87,靜風,0,0,-
99,臺北,2020/02/28,21:02:00,"1,013.5",20.3,85,南南東,0.8,0,-
100,臺北,2020/02/28,20:02:00,"1,013.7",20.4,83,西南,0.6,0,-
101,臺北,2020/02/28,19:02:00,"1,013.3",20.9,81,北,0.9,0,0
102,臺北,2020/02/28,18:02:00,"1,013.3",20.9,78,西北,0.8,0,0
103,臺北,2020/02/28,17:02:00,"1,013.2",21.4,71,北北西,0.7,0,0
104,臺北,2020/02/28,16:02:00,"1,012.9",23.4,62,西北西,1.1,0,0
105,臺北,2020/02/28,15:02:00,"1,013",23.4,59,西北西,1.4,0,0.1
106,臺北,2020/02/28,14:02:00,"1,013.1",24.6,58,西北西,4.1,0,0.5
107,臺北,2020/02/28,13:02:00,"1,013.4",27.8,51,西北,2.6,0,0.4
108,臺北,2020/02/28,12:02:00,"1,014.1",26.5,50,東北東,0.8,0,0
109,臺北,2020/02/28,11:02:00,"1,014.9",27.4,55,西北,0.7,0,0.1
110,臺北,2020/02/28,10:02:00,"1,015.1",24.6,59,西南西,0.7,0,0.6
111,臺北,2020/02/28,09:02:00,"1,015",24.2,59,東,1.4,0,1
112,臺北,2020/02/28,08:02:00,"1,014.9",20.7,85,南南西,1.1,0,0.7
113,臺北,2020/02/28,07:02:00,"1,015",19.7,89,南南西,1.4,0,0
114,臺北,2020/02/28,06:02:00,"1,014.5",19.7,92,南,1.2,0,0
115,臺北,2020/02/28,05:02:00,"1,014",20.1,90,東,3.1,0,-
116,臺北,2020/02/28,04:02:00,"1,013.7",20.3,88,東,2.3,0,-
117,臺北,2020/02/28,03:02:00,"1,014.3",20,90,東,4,0,-
118,臺北,2020/02/28,02:02:00,"1,015.3",20.1,89,東南東,3.1,0,-
119,臺北,2020/02/28,01:02:00,"1,016",19.8,90,東北東,4.4,0,-
120,臺北,2020/02/28,00:02:00,"1,012.8",19.4,91,靜風,0.1,0,-
121,臺北,2020/02/27,23:02:00,"1,017.4",19.4,90,東北東,4.7,0,-
122,臺北,2020/02/27,22:02:00,"1,017.5",19.2,90,東,4.7,0,-
123,臺北,2020/02/27,21:02:00,"1,017.8",18.9,89,東,4.3,0,-
124,臺北,2020/02/27,20:02:00,"1,017.7",18.9,89,東,4.2,0,-
125,臺北,2020/02/27,19:02:00,"1,017.8",18.8,89,東,3.7,0,0
126,臺北,2020/02/27,18:02:00,"1,017.6",18.8,88,東,4.8,0,0
127,臺北,2020/02/27,17:02:00,"1,017.4",19.1,84,東,5.8,0,0
128,臺北,2020/02/27,16:02:00,"1,017.2",19,87,東北東,5.1,0,0
129,臺北,2020/02/27,15:02:00,"1,017.4",19,87,東,4,0,0
130,臺北,2020/02/27,14:02:00,"1,017.6",20.2,73,東,5.1,0,0
131,臺北,2020/02/27,13:02:00,"1,018.2",20,74,東,6.3,0,0
132,臺北,2020/02/27,12:02:00,"1,018.8",20.6,68,東,5.5,0,0
133,臺北,2020/02/27,11:02:00,"1,019.7",19.8,73,東,5.9,0,0
134,臺北,2020/02/27,10:02:00,"1,020.2",19.3,75,東,5.2,0,0
135,臺北,2020/02/27,09:02:00,"1,020.1",19.8,74,東,3.8,0,0
136,臺北,2020/02/27,08:02:00,"1,019.6",19.3,77,東,3.9,0,0
137,臺北,2020/02/27,07:02:00,"1,019.3",18.9,76,東,3.9,0,0
138,臺北,2020/02/27,06:02:00,"1,018.6",18.8,75,東北東,4,0,0
139,臺北,2020/02/27,05:02:00,"1,017.8",19.2,75,東,2.9,0,-
140,臺北,2020/02/27,04:02:00,"1,017.2",19.2,79,東,2.6,0,-
141,臺北,2020/02/27,03:02:00,"1,017",19.2,80,東,2.9,0,-
142,臺北,2020/02/27,02:02:00,"1,017.2",19.8,79,東北東,4.5,0,-
143,臺北,2020/02/27,01:02:00,"1,017.3",20.3,81,東,3.2,0,-
144,臺北,2020/02/27,00:02:00,"1,016.7",19.6,90,東,4.5,0,-
145,臺北,2020/02/26,23:02:00,"1,017.8",20.7,82,東,4.3,0,-
146,臺北,2020/02/26,22:02:00,"1,017.5",20.9,84,東,3.6,0,-
147,臺北,2020/02/26,21:02:00,"1,017.6",21.2,83,東,4.2,0,-
148,臺北,2020/02/26,20:02:00,"1,017.1",21.7,81,東,3.7,0,-
149,臺北,2020/02/26,19:02:00,"1,016.1",22.2,78,東,3.8,0,0
150,臺北,2020/02/26,18:02:00,"1,015.6",22.8,75,東,3.7,0,0
151,臺北,2020/02/26,17:02:00,"1,015",22.9,70,東北東,5.1,0,0.4
152,臺北,2020/02/26,16:02:00,"1,014.4",24.1,60,東,3.2,0,0.5
153,臺北,2020/02/26,15:02:00,"1,013.9",25.4,53,東,4.3,0,0.4
154,臺北,2020/02/26,14:02:00,"1,013.7",29.4,43,北北西,2.8,0,1
155,臺北,2020/02/26,13:02:00,"1,014.1",29.8,40,西北西,3.4,0,1
156,臺北,2020/02/26,12:02:00,"1,014.7",30.2,38,北北西,1,0,1
157,臺北,2020/02/26,11:02:00,"1,015.4",29.6,40,西北,1.6,0,1
158,臺北,2020/02/26,10:02:00,"1,016.2",27.8,44,西北,1.5,0,1
159,臺北,2020/02/26,09:02:00,"1,015.9",25,49,南南西,0.8,0,1
160,臺北,2020/02/26,08:02:00,"1,015.7",21.1,80,南,2.2,0,1
161,臺北,2020/02/26,07:02:00,"1,015.5",19.5,87,南,1.3,0,0.3
162,臺北,2020/02/26,06:02:00,"1,014.8",19.2,87,南,1.4,0,0
163,臺北,2020/02/26,05:02:00,"1,014.2",19.6,84,南南東,1.6,0,-
164,臺北,2020/02/26,04:02:00,"1,013.8",19.8,84,南,1.4,0,-
165,臺北,2020/02/26,03:02:00,"1,013.7",20.3,83,南,2,0,-
166,臺北,2020/02/26,02:02:00,"1,013.7",20.7,84,南,1.9,0,-
167,臺北,2020/02/26,01:02:00,"1,014",20.9,83,南南西,0.9,0,-
168,臺北,2020/02/26,00:02:00,"1,017.4",20.5,81,東,4.4,0,-
169,臺北,2020/02/25,23:02:00,"1,014.5",21.6,81,南南東,1.7,0,-
170,臺北,2020/02/25,22:02:00,"1,014.6",22.3,78,南,1.7,0,-
171,臺北,2020/02/25,21:02:00,"1,014.5",23,69,南南西,1.2,0,-
172,臺北,2020/02/25,20:02:00,"1,014",23.4,64,靜風,0.1,0,-
173,臺北,2020/02/25,19:02:00,"1,013.6",24.1,59,北北西,0.6,0,0
174,臺北,2020/02/25,18:02:00,"1,013.1",25.1,58,北,1.9,0,0.3
175,臺北,2020/02/25,17:02:00,"1,012.8",27.4,48,西南,0.6,0,1
176,臺北,2020/02/25,16:02:00,"1,012.5",28.9,38,風向不定,0.3,0,1
177,臺北,2020/02/25,15:02:00,"1,012.8",29.9,37,北北西,1.7,0,1
178,臺北,2020/02/25,14:02:00,"1,013.2",29.3,37,北北西,2.7,0,1
179,臺北,2020/02/25,13:02:00,"1,013.9",30.1,37,北北西,1.4,0,1
180,臺北,2020/02/25,12:02:00,"1,015",29.5,39,西北,0.9,0,1
181,臺北,2020/02/25,11:02:00,"1,015.9",28.3,35,西北西,1.5,0,1
182,臺北,2020/02/25,10:02:00,"1,016.5",26.3,41,西南,0.4,0,1
183,臺北,2020/02/25,09:02:00,"1,016.4",23.7,52,東南,0.4,0,1
184,臺北,2020/02/25,08:02:00,"1,016.4",19.6,83,南,1.7,0,1
185,臺北,2020/02/25,07:02:00,"1,016.1",18.1,89,南,0.8,0,0.3
186,臺北,2020/02/25,06:02:00,"1,015.5",18.1,91,南,1.7,0,0
187,臺北,2020/02/25,05:02:00,"1,015",17.9,93,南南東,0.4,0,-
188,臺北,2020/02/25,04:02:00,"1,014.4",18.3,92,南,1.4,0,-
189,臺北,2020/02/25,03:02:00,"1,014.9",18.4,93,靜風,0.2,0,-
190,臺北,2020/02/25,02:02:00,"1,015.2",19,93,南南西,0.7,0,-
191,臺北,2020/02/25,01:02:00,"1,015.7",19.5,90,西南,1.1,0,-
192,臺北,2020/02/25,00:02:00,"1,014.3",21.2,82,東南東,1.1,0,-
193,臺北,2020/02/24,23:02:00,"1,016",20.6,82,西南,1.3,0,-
194,臺北,2020/02/24,22:02:00,"1,015.7",21.4,78,東,1.1,0,-
195,臺北,2020/02/24,21:02:00,"1,015.5",21.8,76,東北東,0.7,0,-
196,臺北,2020/02/24,20:02:00,"1,015.5",22.2,74,東北東,1.3,0,-
197,臺北,2020/02/24,19:02:00,"1,015.1",22.8,70,東南,1.1,0,0
198,臺北,2020/02/24,18:02:00,"1,014.6",23.7,64,東南,1.5,0,0
199,臺北,2020/02/24,17:02:00,"1,014.6",24.7,59,北,1.1,0,0
200,臺北,2020/02/24,16:02:00,"1,014.5",25.6,52,北北西,0.7,0,0.6
201,臺北,2020/02/24,15:02:00,"1,014.8",27.9,44,北北西,2.1,0,0.9
202,臺北,2020/02/24,14:02:00,"1,015",27.3,47,北,1.8,0,0.3
203,臺北,2020/02/24,13:02:00,"1,015.9",27.9,42,東,1.5,0,0.7
204,臺北,2020/02/24,12:02:00,"1,016.9",28.6,39,東南,1.7,0,1
205,臺北,2020/02/24,11:02:00,"1,017.6",27.1,44,東,3.2,0,1
206,臺北,2020/02/24,10:02:00,"1,018.2",25.6,48,東南東,3.1,0,1
207,臺北,2020/02/24,09:02:00,"1,018.5",24.5,53,東,3.4,0,1
208,臺北,2020/02/24,08:02:00,"1,018.3",21.7,78,東,3,0,1
209,臺北,2020/02/24,07:02:00,"1,018.1",20.1,83,東北東,3.1,0,0.1
210,臺北,2020/02/24,06:02:00,"1,017.4",20.3,84,東,3.7,0,0
211,臺北,2020/02/24,05:02:00,"1,016.9",20.1,83,東北東,3.5,0,-
212,臺北,2020/02/24,04:02:00,"1,017.2",20.1,83,東,3.7,0,-
213,臺北,2020/02/24,03:02:00,"1,017.7",20.2,83,東,4.3,0,-
214,臺北,2020/02/24,02:02:00,"1,018.2",19.9,84,東,2.6,0,-
215,臺北,2020/02/24,01:02:00,"1,018.9",20.1,83,東,5.1,0,-
216,臺北,2020/02/24,00:02:00,"1,016.2",20,86,西南,1.5,0,-
217,臺北,2020/02/23,23:02:00,"1,020",20.3,82,東,4.5,0,-
218,臺北,2020/02/23,22:02:00,"1,020.2",20.1,83,東,5.2,0,-
219,臺北,2020/02/23,21:02:00,"1,020.4",20.1,81,東,4.9,0,-
220,臺北,2020/02/23,20:02:00,"1,020.5",19.9,79,東,4.4,0,-
221,臺北,2020/02/23,19:02:00,"1,020.3",20,77,東,5.2,0,0
222,臺北,2020/02/23,18:02:00,"1,020.1",20,76,東,4.6,0,0.1
223,臺北,2020/02/23,17:02:00,"1,019.9",19.9,75,東,4.8,0,0
224,臺北,2020/02/23,16:02:00,"1,020",20.2,71,東,5,0,0
225,臺北,2020/02/23,15:02:00,"1,020.4",20.2,70,東,5,0,0
226,臺北,2020/02/23,14:02:00,"1,020.9",20.5,66,東,5.9,0,0
227,臺北,2020/02/23,13:02:00,"1,022.1",20.1,67,東,6.4,0,0
228,臺北,2020/02/23,12:02:00,"1,023.3",20.2,65,東,6.7,0,0
229,臺北,2020/02/23,11:02:00,"1,024.1",20.5,63,東,4.6,0,0
230,臺北,2020/02/23,10:02:00,"1,024.8",20.8,57,東南東,3.9,0,0.4
231,臺北,2020/02/23,09:02:00,"1,024.9",20.7,55,東南,2.6,0,0.5
232,臺北,2020/02/23,08:02:00,"1,024.6",18.4,67,東南,2.8,0,0
233,臺北,2020/02/23,07:02:00,"1,024.3",17.9,68,東南東,3.3,0,0
234,臺北,2020/02/23,06:02:00,"1,024.1",17.5,71,東南東,2.7,0,0
235,臺北,2020/02/23,05:02:00,"1,023.8",17.6,72,東南東,4.5,0,-
236,臺北,2020/02/23,04:02:00,"1,023.7",17.5,75,東,3.8,0,-
237,臺北,2020/02/23,03:02:00,"1,023.8",17.2,82,東,3,0,-
238,臺北,2020/02/23,02:02:00,"1,024",17.6,80,東南東,3.3,0,-
239,臺北,2020/02/23,01:02:00,"1,024.4",17.7,83,東南東,4,0,-
240,臺北,2020/02/23,00:02:00,"1,019.4",20.1,83,東,4.1,0,-
241,臺北,2020/02/22,23:02:00,"1,025.1",17.4,91,東,3.7,0,-
242,臺北,2020/02/22,22:02:00,"1,025.2",17.5,88,東,3,0,-
243,臺北,2020/02/22,21:02:00,"1,025",17.8,87,東,3.8,0,-
244,臺北,2020/02/22,20:02:00,"1,024.5",17.8,88,東,4.7,0,-
245,臺北,2020/02/22,19:02:00,"1,023.9",17.8,87,東南東,4,0,0
246,臺北,2020/02/22,18:02:00,"1,023.4",18,85,東,5,0,0
247,臺北,2020/02/22,17:02:00,"1,023.1",18.3,86,東,5.7,0,0
248,臺北,2020/02/22,16:02:00,"1,022.7",19.3,88,東,5.8,0,0.1
249,臺北,2020/02/22,15:02:00,"1,022.5",18.6,89,東,4.5,0,0
250,臺北,2020/02/22,14:02:00,"1,022.8",19.4,84,東北東,4,0,0
251,臺北,2020/02/22,13:02:00,"1,023.4",20.1,72,東南東,5.2,0,0.2
252,臺北,2020/02/22,12:02:00,"1,023.5",23.3,61,東,5.5,0,0.6
253,臺北,2020/02/22,11:02:00,"1,023.9",24.5,54,東,4.3,0,1
254,臺北,2020/02/22,10:02:00,"1,024.4",23.9,54,東,1.6,0,1
255,臺北,2020/02/22,09:02:00,"1,024.5",20.9,65,東南東,1.9,0,0.6
256,臺北,2020/02/22,08:02:00,"1,024.2",18.5,79,南,1,0,0
257,臺北,2020/02/22,07:02:00,"1,023.7",18,81,南南東,1.2,0,0
258,臺北,2020/02/22,06:02:00,"1,023.1",18.1,83,南,1.2,0,0
259,臺北,2020/02/22,05:02:00,"1,022.6",18.1,84,南南西,0.5,0,-
260,臺北,2020/02/22,04:02:00,"1,022.7",18.1,84,西北西,0.6,0,-
261,臺北,2020/02/22,03:02:00,"1,022.9",17.8,85,西北西,0.6,0,-
262,臺北,2020/02/22,02:02:00,"1,022.8",17.8,87,西北,0.9,0,-
263,臺北,2020/02/22,01:02:00,"1,022.5",17.4,90,西北西,1,0,-
264,臺北,2020/02/22,00:02:00,"1,024.9",17.4,91,東,2.7,0,-
265,臺北,2020/02/21,23:02:00,"1,023.2",18.4,84,西南西,0.4,0,-
266,臺北,2020/02/21,22:02:00,"1,023.2",18.6,82,西南西,0.3,0,-
267,臺北,2020/02/21,21:02:00,"1,023.4",19.4,77,西,0.5,0,-
268,臺北,2020/02/21,20:02:00,"1,023.2",19.5,78,西,0.7,0,-
269,臺北,2020/02/21,19:02:00,"1,022.4",19.3,80,西北,0.8,0,0
270,臺北,2020/02/21,18:02:00,"1,021.8",20,76,西北,2.5,0,0
271,臺北,2020/02/21,17:02:00,"1,021.1",21.5,68,西北,1.8,0,0.5
272,臺北,2020/02/21,16:02:00,"1,020.5",22.9,56,西,2.5,0,1
273,臺北,2020/02/21,15:02:00,"1,020.2",24.9,48,西,2.7,0,1
274,臺北,2020/02/21,14:02:00,"1,020.5",25.6,46,西南,1.9,0,1
275,臺北,2020/02/21,13:02:00,"1,021.1",25.1,49,西南西,3.7,0,0.6
276,臺北,2020/02/21,12:02:00,"1,021.7",26.9,38,南,3,0,1
277,臺北,2020/02/21,11:02:00,"1,022.4",26.6,39,南南東,3.4,0,1
278,臺北,2020/02/21,10:02:00,"1,023.4",25.2,45,東南東,2.4,0,1
279,臺北,2020/02/21,09:02:00,"1,023.8",22.5,60,東,1.7,0,1
280,臺北,2020/02/21,08:02:00,"1,023.8",18.3,77,南南西,0.6,0,0.2
281,臺北,2020/02/21,07:02:00,"1,023.5",17.8,82,西南,1.3,0,0
282,臺北,2020/02/21,06:02:00,"1,022.7",18.6,80,東,2.8,0,0
283,臺北,2020/02/21,05:02:00,"1,022.2",18.4,84,東,2.5,0,-
284,臺北,2020/02/21,04:02:00,"1,021.8",18.2,87,東南東,3.4,0,-
285,臺北,2020/02/21,03:02:00,"1,021.8",18,88,東,3,0,-
286,臺北,2020/02/21,02:02:00,"1,022",17.9,88,東,3.5,0,-
287,臺北,2020/02/21,01:02:00,"1,022.5",18,87,東,3.6,0,-
288,臺北,2020/02/21,00:02:00,"1,022.7",17.8,87,西南,0.3,0,-
289,臺北,2020/02/20,23:02:00,"1,022.7",18.2,85,東,4.3,0,-
290,臺北,2020/02/20,22:02:00,"1,022.9",18.2,87,東,4.5,0,-
291,臺北,2020/02/20,21:02:00,"1,022.8",17.9,89,東,4.7,0,-
292,臺北,2020/02/20,20:02:00,"1,022.9",17.7,90,東,4.9,0,-
293,臺北,2020/02/20,19:02:00,"1,022.7",17.9,85,東,4.3,0,0
294,臺北,2020/02/20,18:02:00,"1,022.1",17.7,85,東南東,3.7,0,0
295,臺北,2020/02/20,17:02:00,"1,022.2",18,80,東,4.1,0,0
296,臺北,2020/02/20,16:02:00,"1,022.1",18.4,76,東,5,0,0
297,臺北,2020/02/20,15:02:00,"1,021.8",19,72,東,3.5,0,0
298,臺北,2020/02/20,14:02:00,"1,021.7",19.9,62,東,4.6,0,0.8
299,臺北,2020/02/20,13:02:00,"1,021.9",22.3,55,東,6.3,0,0.9
300,臺北,2020/02/20,12:02:00,"1,022.3",22.7,54,東南東,4.6,0,0.9
301,臺北,2020/02/20,11:02:00,"1,022.7",23.2,48,東,4.5,0,1
302,臺北,2020/02/20,10:02:00,"1,023",22.3,49,東,1.6,0,1
303,臺北,2020/02/20,09:02:00,"1,023.5",19.1,61,東,0.8,0,0.7
304,臺北,2020/02/20,08:02:00,"1,023.2",16,77,東南東,0.8,0,0
305,臺北,2020/02/20,07:02:00,"1,022.4",15,82,南,0.6,0,0
306,臺北,2020/02/20,06:02:00,"1,021.6",14.8,81,南南東,0.5,0,0
307,臺北,2020/02/20,05:02:00,"1,020.8",14.8,83,南南西,1,0,-
308,臺北,2020/02/20,04:02:00,"1,020.5",14.9,83,靜風,0.1,0,-
309,臺北,2020/02/20,03:02:00,"1,020.3",14.8,85,南南東,0.7,0,-
310,臺北,2020/02/20,02:02:00,"1,020.4",14.8,86,南,0.8,0,-
311,臺北,2020/02/20,01:02:00,"1,020.5",15.4,82,南南西,1.4,0,-
312,臺北,2020/02/20,00:02:00,"1,022.5",18,87,東,4.3,0,-
313,臺北,2020/02/19,23:02:00,"1,020.2",16.7,74,東,0.6,0,-
314,臺北,2020/02/19,22:02:00,"1,020.7",17.3,71,東,1.5,0,-
315,臺北,2020/02/19,21:02:00,"1,020.9",17.5,68,東南,0.9,0,-
316,臺北,2020/02/19,20:02:00,"1,020.8",18.3,63,東南東,0.8,0,-
317,臺北,2020/02/19,19:02:00,"1,020.1",18.9,62,東南東,2.3,0,0
318,臺北,2020/02/19,18:02:00,"1,019.8",19.3,59,東,1.8,0,0
319,臺北,2020/02/19,17:02:00,"1,019.2",20.2,53,東南,2.8,0,0
320,臺北,2020/02/19,16:02:00,"1,018.7",21,44,東南東,2.9,0,0.8
321,臺北,2020/02/19,15:02:00,"1,018.7",21.7,46,南南東,1.6,0,0.1
322,臺北,2020/02/19,14:02:00,"1,018.6",22,41,東南,1.8,0,0.6
323,臺北,2020/02/19,13:02:00,"1,019.4",24.2,37,北北東,1.6,0,1
324,臺北,2020/02/19,12:02:00,"1,020.2",23,40,東,2.1,0,1
325,臺北,2020/02/19,11:02:00,"1,020.5",21.8,42,東南,3.6,0,1
326,臺北,2020/02/19,10:02:00,"1,021.7",20.5,45,東南東,3.4,0,1
327,臺北,2020/02/19,09:02:00,"1,022.4",18.7,51,東,3.4,0,1
328,臺北,2020/02/19,08:02:00,"1,022.6",15.8,68,東,3.8,0,1
329,臺北,2020/02/19,07:02:00,"1,022.3",14.6,70,東南東,2.5,0,0
330,臺北,2020/02/19,06:02:00,"1,022.1",14.4,68,東,2.7,0,0
331,臺北,2020/02/19,05:02:00,"1,021.8",14.5,67,東,2.4,0,-
332,臺北,2020/02/19,04:02:00,"1,021.6",14.3,68,東南東,2.7,0,-
333,臺北,2020/02/19,03:02:00,"1,021.6",13.9,69,東南東,2.4,0,-
334,臺北,2020/02/19,02:02:00,"1,022.1",14,68,東南東,3.3,0,-
335,臺北,2020/02/19,01:02:00,"1,022.5",13.7,68,東,2.3,0,-
336,臺北,2020/02/19,00:02:00,"1,020.5",16.1,75,東,0.5,0,-
337,臺北,2020/02/18,23:02:00,"1,023.2",13.8,66,東南東,3.1,0,-
338,臺北,2020/02/18,22:02:00,"1,023.6",14.2,63,東南東,3.5,0,-
339,臺北,2020/02/18,21:02:00,"1,023.5",14.1,62,東南東,3,0,-
340,臺北,2020/02/18,20:02:00,"1,023.6",14.2,58,東南東,3.5,0,-
341,臺北,2020/02/18,19:02:00,"1,023.3",14.2,58,東南東,3.7,0,0
342,臺北,2020/02/18,18:02:00,"1,023.2",14.3,57,東南東,4.3,0,0
343,臺北,2020/02/18,17:02:00,"1,023.1",14.5,54,東南東,5.1,0,0
344,臺北,2020/02/18,16:02:00,"1,022.9",14.8,51,東,6.6,0,0
345,臺北,2020/02/18,15:02:00,"1,022.6",16.5,40,東南東,5.4,0,0.6
346,臺北,2020/02/18,14:02:00,"1,022.8",16.6,41,東,6.7,0,0.8
347,臺北,2020/02/18,13:02:00,"1,023.3",16.6,37,東,6.1,0,1
348,臺北,2020/02/18,12:02:00,"1,024.2",17,36,東,5.3,0,0.9
349,臺北,2020/02/18,11:02:00,"1,025.8",16.2,36,東,5.8,0,0.7
350,臺北,2020/02/18,10:02:00,"1,026.4",16.2,38,東南東,4.4,0,0.9
351,臺北,2020/02/18,09:02:00,"1,026.7",15.3,39,東,5,0,0.8
352,臺北,2020/02/18,08:02:00,"1,026.8",13.3,51,東南東,2,0,0
353,臺北,2020/02/18,07:02:00,"1,026.4",12.3,55,東南,2,0,0
354,臺北,2020/02/18,06:02:00,"1,025.7",11.7,59,東南,2.1,0,0
355,臺北,2020/02/18,05:02:00,"1,025.2",11.1,61,東南,2.3,0,-
356,臺北,2020/02/18,04:02:00,"1,025.2",11,61,東南,1.8,0,-
357,臺北,2020/02/18,03:02:00,"1,025.1",10.9,61,東南,2.4,0,-
358,臺北,2020/02/18,02:02:00,"1,025.7",10.4,64,東南,2,0,-
359,臺北,2020/02/18,01:02:00,"1,026.1",10.1,67,東南,1.6,0,-
360,臺北,2020/02/18,00:02:00,"1,022.8",13.8,67,東南東,2.4,0,-
361,臺北,2020/02/17,23:02:00,"1,027.2",10.2,67,東南,1.7,0,-
362,臺北,2020/02/17,22:02:00,"1,027.2",10.3,68,東南,1.7,0,-
363,臺北,2020/02/17,21:02:00,"1,027.3",10.5,66,東南,1.5,0,-
364,臺北,2020/02/17,20:02:00,"1,027.2",10.7,62,南南東,2.1,0,-
365,臺北,2020/02/17,19:02:00,"1,026.6",11.5,56,東,3.4,0,0
366,臺北,2020/02/17,18:02:00,"1,025.8",11.3,55,東,3.4,0,0.3
367,臺北,2020/02/17,17:02:00,"1,025.1",11.6,50,東,4,0,0.9
368,臺北,2020/02/17,16:02:00,"1,024.7",12.5,41,東南東,2.2,0,0.9
369,臺北,2020/02/17,15:02:00,"1,024.1",14.3,32,東北,2.8,0,0.9
370,臺北,2020/02/17,14:02:00,"1,024.3",13.9,43,東北東,2.5,0,0.1
371,臺北,2020/02/17,13:02:00,"1,024.8",12.8,43,東北東,2.9,0,0
372,臺北,2020/02/17,12:02:00,"1,025.7",13.6,44,東,2.1,0,0.1
373,臺北,2020/02/17,11:02:00,"1,026",13,49,東,3.9,0,0
374,臺北,2020/02/17,10:02:00,"1,025.8",12.9,53,東北,3,0,0
375,臺北,2020/02/17,09:02:00,"1,025.2",12.6,57,東北,3.9,0,0
376,臺北,2020/02/17,08:02:00,"1,024.7",12.3,62,北北東,2.5,0,0
377,臺北,2020/02/17,07:02:00,"1,024.3",11.6,64,北北東,2.4,0,0
378,臺北,2020/02/17,06:02:00,"1,023.3",11.4,64,北北東,2.5,0,0
379,臺北,2020/02/17,05:02:00,"1,022.5",11.3,65,東北,3.8,0,-
380,臺北,2020/02/17,04:02:00,"1,022.1",11.4,67,北北東,1.7,0,-
381,臺北,2020/02/17,03:02:00,"1,021.8",11.5,67,東北,1.2,0,-
382,臺北,2020/02/17,02:02:00,"1,022.4",11.5,68,北,1.6,0,-
383,臺北,2020/02/17,01:02:00,"1,022.6",11.4,68,東北東,1.4,0,-
384,臺北,2020/02/17,00:02:00,"1,026.7",10.1,68,東南,2.1,0,-
385,臺北,2020/02/16,23:02:00,"1,023.1",11.2,70,東北,2.8,0,-
386,臺北,2020/02/16,22:02:00,"1,022.9",11.3,77,東北東,1.8,0,-
387,臺北,2020/02/16,21:02:00,"1,022.5",11,80,東北東,3.2,0,-
388,臺北,2020/02/16,20:02:00,"1,022.1",10.6,90,東,3,0,-
389,臺北,2020/02/16,19:02:00,"1,021.9",10.4,92,東,2.6,1,0
390,臺北,2020/02/16,18:02:00,"1,021.1",10.7,92,東,2.5,0,0
391,臺北,2020/02/16,17:02:00,"1,020.2",10.6,93,東南東,2.6,1,0
392,臺北,2020/02/16,16:02:00,"1,019.3",11.3,89,東,3.7,1,0
393,臺北,2020/02/16,15:02:00,"1,018.5",12.5,86,東北東,3.1,0,0
394,臺北,2020/02/16,14:02:00,"1,018.4",13.7,71,東,2.1,0,0
395,臺北,2020/02/16,13:02:00,"1,018.7",14.3,69,東,2.9,0,0
396,臺北,2020/02/16,12:02:00,"1,018.8",14.6,71,東,5.2,0,0
397,臺北,2020/02/16,11:02:00,"1,018.8",15.2,71,東,4.5,0,0
398,臺北,2020/02/16,10:02:00,"1,018.9",15.5,76,東,3.3,0,0
399,臺北,2020/02/16,09:02:00,"1,018",15.1,84,東北東,5,0,0
400,臺北,2020/02/16,08:02:00,"1,016.4",14.7,90,東北東,4.5,0,0
401,臺北,2020/02/16,07:02:00,"1,016",15,93,東,3.7,0,0
402,臺北,2020/02/16,06:02:00,"1,015.2",15.6,90,東,3.7,3,0
403,臺北,2020/02/16,05:02:00,"1,012.7",16.9,92,東,4.2,1,-
404,臺北,2020/02/16,04:02:00,"1,011.7",18.5,90,東北東,5.3,1,-
405,臺北,2020/02/16,03:02:00,"1,010.7",19.9,93,西南,1.4,0,-
406,臺北,2020/02/16,02:02:00,"1,010.7",20.8,88,西北,2.5,0,-
407,臺北,2020/02/16,01:02:00,"1,010.3",21.6,87,南,0.6,0,-
408,臺北,2020/02/16,00:02:00,"1,023.3",11.3,69,東北,2.8,0,-
409,臺北,2020/02/15,23:02:00,"1,010.6",22.2,88,南南西,0.4,0,-
410,臺北,2020/02/15,22:02:00,"1,010.6",22.5,87,南,1.1,0,-
411,臺北,2020/02/15,21:02:00,"1,010.4",22.8,87,靜風,0.1,0,-
412,臺北,2020/02/15,20:02:00,"1,010.2",23.4,85,東南東,0.6,0,-
413,臺北,2020/02/15,19:02:00,"1,009.8",24.1,81,東南,1.1,0,0
414,臺北,2020/02/15,18:02:00,"1,009.6",24.6,78,東,2,0,0
415,臺北,2020/02/15,17:02:00,"1,009.3",24.9,74,東,1.7,0,0.2
416,臺北,2020/02/15,16:02:00,"1,008.7",25.6,64,東,2,0,0.4
417,臺北,2020/02/15,15:02:00,"1,008.7",25.4,65,東北東,3,0,0.3
418,臺北,2020/02/15,14:02:00,"1,009.4",24.7,59,東,4.4,0,0.7
419,臺北,2020/02/15,13:02:00,"1,010.1",26.4,62,東,5.3,0,1
420,臺北,2020/02/15,12:02:00,"1,011.3",27.3,54,東,2.5,0,0.3
421,臺北,2020/02/15,11:02:00,"1,012.5",26.5,59,東北東,1.4,0,0.1
422,臺北,2020/02/15,10:02:00,"1,013.7",24,66,靜風,0.2,0,0
423,臺北,2020/02/15,09:02:00,"1,014.1",22.7,73,西南,1.1,0,0.2
424,臺北,2020/02/15,08:02:00,"1,013.7",21.6,80,靜風,0.1,0,0.5
425,臺北,2020/02/15,07:02:00,"1,013.2",20.4,88,南南東,0.3,0,0
426,臺北,2020/02/15,06:02:00,"1,012.8",19.9,88,東南,0.9,0,0
427,臺北,2020/02/15,05:02:00,"1,012.6",19.7,87,東,1.3,0,-
428,臺北,2020/02/15,04:02:00,"1,012.7",19.7,87,東,1.8,0,-
429,臺北,2020/02/15,03:02:00,"1,013.4",19.6,89,東,1.9,0,-
430,臺北,2020/02/15,02:02:00,"1,014",19.9,87,東,2.1,0,-
431,臺北,2020/02/15,01:02:00,"1,014.4",19.8,88,靜風,0,0,-
432,臺北,2020/02/15,00:02:00,"1,010.4",21.8,88,南南東,0.8,0,-
433,臺北,2020/02/14,23:02:00,"1,015.1",19.7,89,西北,1.8,0,-
434,臺北,2020/02/14,22:02:00,"1,014.8",20.7,89,西北,0.6,0,-
435,臺北,2020/02/14,21:02:00,"1,013.7",20.4,89,南南西,1.1,0,-
436,臺北,2020/02/14,20:02:00,"1,013.3",20.1,91,南南西,0.4,0,-
437,臺北,2020/02/14,19:02:00,"1,012.5",19.5,92,西南,0.4,0,0
438,臺北,2020/02/14,18:02:00,"1,012.7",19.6,93,西北西,1.4,0,0
439,臺北,2020/02/14,17:02:00,"1,012.5",20,91,西北西,1.7,2,0
440,臺北,2020/02/14,16:02:00,"1,011.5",21.6,72,西北,3.7,0,0.1
441,臺北,2020/02/14,15:02:00,"1,009.5",27.6,56,東北,3.7,0,0.8
442,臺北,2020/02/14,14:02:00,"1,008.9",28.4,51,東北,2.9,0,0.9
443,臺北,2020/02/14,13:02:00,"1,009.2",28.3,54,東北,2.2,0,0.9
444,臺北,2020/02/14,12:02:00,"1,010.4",27.8,53,東,3.8,0,0.8
445,臺北,2020/02/14,11:02:00,"1,011.2",27.4,54,東,3.5,0,0.8
446,臺北,2020/02/14,10:02:00,"1,012.2",25.3,63,東南東,1.4,0,0.9
447,臺北,2020/02/14,09:02:00,"1,012.2",22.4,75,靜風,0.1,0,1
448,臺北,2020/02/14,08:02:00,"1,012.2",19.9,96,東南,1.1,0,0.9
449,臺北,2020/02/14,07:02:00,"1,012.4",18.7,98,南南東,0.3,0,0
450,臺北,2020/02/14,06:02:00,"1,011.9",18.6,96,南南西,0.6,0,0
451,臺北,2020/02/14,05:02:00,"1,011.3",18.8,96,南南西,0.6,0,-
452,臺北,2020/02/14,04:02:00,"1,011.4",18.9,95,靜風,0.1,0,-
453,臺北,2020/02/14,03:02:00,"1,011.8",19,95,西北,0.7,0,-
454,臺北,2020/02/14,02:02:00,"1,012",19.4,93,東北,0.7,0,-
455,臺北,2020/02/14,01:02:00,"1,012.6",19.8,90,東,1.9,0,-
456,臺北,2020/02/14,00:02:00,"1,014.8",19.6,88,靜風,0.2,0,-
457,臺北,2020/02/13,23:02:00,"1,011.3",21.3,90,南南東,0.6,0,-
458,臺北,2020/02/13,22:02:00,"1,011.5",20.8,92,東北東,2,0,-
459,臺北,2020/02/13,21:02:00,"1,012.3",20.3,91,靜風,0.1,0,-
460,臺北,2020/02/13,20:02:00,"1,012.5",20.5,92,西北,1.7,0,-
461,臺北,2020/02/13,19:02:00,"1,012.8",20.9,93,西北,1.1,1,0
462,臺北,2020/02/13,18:02:00,"1,012.1",21.6,84,西北,2.5,0,0
463,臺北,2020/02/13,17:02:00,"1,011.1",24.3,64,西北西,0.9,0,0
464,臺北,2020/02/13,16:02:00,"1,010.3",25.1,61,北北西,1.4,0,0
465,臺北,2020/02/13,15:02:00,"1,009.1",28.4,43,東,0.8,0,0.8
466,臺北,2020/02/13,14:02:00,"1,009",28.5,47,東,2.9,0,0.4
467,臺北,2020/02/13,13:02:00,"1,009.8",28.7,47,東,2.1,0,1
468,臺北,2020/02/13,12:02:00,"1,011.1",29.1,42,東北,2.3,0,1
469,臺北,2020/02/13,11:02:00,"1,012.4",27.8,45,東,2.5,0,1
470,臺北,2020/02/13,10:02:00,"1,014",25.7,49,東南東,1.1,0,1
471,臺北,2020/02/13,09:02:00,"1,014.4",22.2,64,東南,0.8,0,1
472,臺北,2020/02/13,08:02:00,"1,014.2",19.3,88,東南東,1.4,0,0.6
473,臺北,2020/02/13,07:02:00,"1,013.9",18.2,91,南南東,1,0,0
474,臺北,2020/02/13,06:02:00,"1,013.9",18.2,89,南南西,0.7,0,0
475,臺北,2020/02/13,05:02:00,"1,013.6",18.7,88,南,0.7,0,-
476,臺北,2020/02/13,04:02:00,"1,013.5",18.9,87,南,0.6,0,-
477,臺北,2020/02/13,03:02:00,"1,013.7",19,86,西南,0.8,0,-
478,臺北,2020/02/13,02:02:00,"1,014.1",19.2,88,西南,0.7,0,-
479,臺北,2020/02/13,01:02:00,"1,014.3",19.3,84,西南,0.7,0,-
480,臺北,2020/02/13,00:02:00,"1,012.5",20.3,89,西南,0.7,0,-
481,臺北,2020/02/12,23:02:00,"1,014.9",20.9,69,西南西,0.9,0,-
482,臺北,2020/02/12,22:02:00,"1,014.9",20.9,72,西南西,0.4,0,-
483,臺北,2020/02/12,21:02:00,"1,014.5",21.3,71,西南,0.3,0,-
484,臺北,2020/02/12,20:02:00,"1,014.1",22,69,靜風,0.1,0,-
485,臺北,2020/02/12,19:02:00,"1,013.7",21.9,64,南南西,0.4,0,0
486,臺北,2020/02/12,18:02:00,"1,013.2",22.8,59,西北,0.8,0,0
487,臺北,2020/02/12,17:02:00,"1,013",24,51,北北西,2.1,0,0.6
488,臺北,2020/02/12,16:02:00,"1,012.4",26.6,35,西北,0.8,0,1
489,臺北,2020/02/12,15:02:00,"1,012.6",28.5,32,靜風,0.2,0,0.9
490,臺北,2020/02/12,14:02:00,"1,013.3",28.8,37,北北西,1.9,0,0.7
491,臺北,2020/02/12,13:02:00,"1,014.2",27.6,40,北北西,2.8,0,0.9
492,臺北,2020/02/12,12:02:00,"1,014.8",28.9,34,北北西,0.5,0,1
493,臺北,2020/02/12,11:02:00,"1,015.6",26.4,38,靜風,0.1,0,1
494,臺北,2020/02/12,10:02:00,"1,016.3",24,44,東南,0.7,0,1
495,臺北,2020/02/12,09:02:00,"1,016.8",21.8,58,南南東,0.9,0,1
496,臺北,2020/02/12,08:02:00,"1,016.5",17.5,92,南南東,1.6,0,0.9
497,臺北,2020/02/12,07:02:00,"1,016.3",15.8,96,南,0.6,0,0.1
498,臺北,2020/02/12,06:02:00,"1,015.6",15.4,95,東南,0.8,0,0
499,臺北,2020/02/12,05:02:00,"1,015.4",15.4,95,東南,1.3,0,-
500,臺北,2020/02/12,04:02:00,"1,015.6",15.6,94,靜風,0.2,0,-
501,臺北,2020/02/12,03:02:00,"1,015.7",16,94,靜風,0.2,0,-
502,臺北,2020/02/12,02:02:00,"1,016.1",16.5,93,南南西,0.8,0,-
503,臺北,2020/02/12,01:02:00,"1,016.7",17.1,88,靜風,0.1,0,-
504,臺北,2020/02/12,00:02:00,"1,014.6",20.2,77,南,2,0,-
505,臺北,2020/02/11,23:02:00,"1,017.3",17.9,87,西南西,1.1,0,-
506,臺北,2020/02/11,22:02:00,"1,017.3",18.2,85,西南,1.7,0,-
507,臺北,2020/02/11,21:02:00,"1,017.5",19,79,西北西,1.2,0,-
508,臺北,2020/02/11,20:02:00,"1,017.2",19.4,72,靜風,0.2,0,-
509,臺北,2020/02/11,19:02:00,"1,016.3",20.6,66,東南東,2.1,0,0
510,臺北,2020/02/11,18:02:00,"1,016.2",21.2,62,東,2.2,0,0
511,臺北,2020/02/11,17:02:00,"1,016.7",22.3,56,東,1.2,0,0
512,臺北,2020/02/11,16:02:00,"1,016.6",23.2,50,東南東,2.5,0,0.1
513,臺北,2020/02/11,15:02:00,"1,016.7",23.7,47,東南,0.7,0,0.2
514,臺北,2020/02/11,14:02:00,"1,017.7",23,48,靜風,0.2,0,0
515,臺北,2020/02/11,13:02:00,"1,018.4",21.8,53,北,0.4,0,0
516,臺北,2020/02/11,12:02:00,"1,019.7",20.7,58,西北西,0.6,0,0
517,臺北,2020/02/11,11:02:00,"1,020.4",20.2,58,南,0.3,0,0
518,臺北,2020/02/11,10:02:00,"1,020.5",19.3,62,南南西,0.9,0,0
519,臺北,2020/02/11,09:02:00,"1,020.5",19.2,64,東南東,1.1,0,0
520,臺北,2020/02/11,08:02:00,"1,019.5",17.6,71,南,0.8,0,0
521,臺北,2020/02/11,07:02:00,"1,019",16.8,75,西南,0.7,0,0
522,臺北,2020/02/11,06:02:00,"1,018.7",17.1,71,南,1.5,0,0
523,臺北,2020/02/11,05:02:00,"1,018.2",16.8,72,南,0.9,0,-
524,臺北,2020/02/11,04:02:00,"1,018.2",16.7,73,東南東,1.3,0,-
525,臺北,2020/02/11,03:02:00,"1,018",16.6,74,南南東,1.3,0,-
526,臺北,2020/02/11,02:02:00,"1,018.4",16.1,77,南南東,0.5,0,-
527,臺北,2020/02/11,01:02:00,"1,018.8",15.5,79,東南,0.8,0,-
528,臺北,2020/02/11,00:02:00,"1,017.2",17.6,89,西南,1,0,-
529,臺北,2020/02/10,23:02:00,"1,018.8",17.5,68,東南,1.5,0,-
530,臺北,2020/02/10,22:02:00,"1,018.9",18.2,65,東,2.4,0,-
531,臺北,2020/02/10,21:02:00,"1,019.1",18.1,65,東南東,2.1,0,-
532,臺北,2020/02/10,20:02:00,"1,018.8",18.2,64,東南東,2.8,0,-
533,臺北,2020/02/10,19:02:00,"1,018.7",17.9,65,東南,2.9,0,0
534,臺北,2020/02/10,18:02:00,"1,018.8",18.1,63,東南,2.5,0,0
535,臺北,2020/02/10,17:02:00,"1,018.6",18.6,57,東,2.7,0,0
536,臺北,2020/02/10,16:02:00,"1,018.6",19,55,東,3.4,0,0
537,臺北,2020/02/10,15:02:00,"1,018.3",19.2,53,東,4.6,0,0
538,臺北,2020/02/10,14:02:00,"1,018.5",19.7,50,東南東,3.1,0,0.1
539,臺北,2020/02/10,13:02:00,"1,018.7",20.9,45,東南東,4.5,0,0.7
540,臺北,2020/02/10,12:02:00,"1,019.4",20.4,46,東,5.2,0,0.4
541,臺北,2020/02/10,11:02:00,"1,020.4",18.6,52,東,6.3,0,0.1
542,臺北,2020/02/10,10:02:00,"1,021.5",17.7,53,東,6,0,0.1
543,臺北,2020/02/10,09:02:00,"1,021.7",16.2,59,東北東,4.8,0,0
544,臺北,2020/02/10,08:02:00,"1,021.5",15.2,61,東,3.5,0,0
545,臺北,2020/02/10,07:02:00,"1,021.1",14.3,64,東北東,4,0,0
546,臺北,2020/02/10,06:02:00,"1,020.8",13.8,69,東北東,4.8,0,0
547,臺北,2020/02/10,05:02:00,"1,020.5",13.7,68,東,3.3,0,-
548,臺北,2020/02/10,04:02:00,"1,020.7",13.5,72,東,4.6,0,-
549,臺北,2020/02/10,03:02:00,"1,021.2",13.5,74,東北東,4.6,0,-
550,臺北,2020/02/10,02:02:00,"1,021.6",13.7,74,東,3.4,0,-
551,臺北,2020/02/10,01:02:00,"1,021.9",14,71,東,4.1,0,-
552,臺北,2020/02/10,00:02:00,"1,018.9",15.9,75,南南西,0.4,0,-
553,臺北,2020/02/09,23:02:00,"1,022.4",14.3,73,東,3.4,0,-
554,臺北,2020/02/09,22:02:00,"1,022.7",14.4,75,東南東,2.8,0,-
555,臺北,2020/02/09,21:02:00,"1,022.5",14.9,73,東,2.9,0,-
556,臺北,2020/02/09,20:02:00,"1,022.8",14.7,75,東,2.9,0,-
557,臺北,2020/02/09,19:02:00,"1,022.6",15,72,東,2.9,0,0
558,臺北,2020/02/09,18:02:00,"1,022.5",15.1,73,東,2.3,0,0
559,臺北,2020/02/09,17:02:00,"1,022.2",15.3,71,東,2.3,0,0
560,臺北,2020/02/09,16:02:00,"1,021.9",15.3,71,東南東,2.2,0,0
561,臺北,2020/02/09,15:02:00,"1,021.7",15.2,71,東北東,2.8,0,0
562,臺北,2020/02/09,14:02:00,"1,022",15.1,72,東南東,2.5,0,0
563,臺北,2020/02/09,13:02:00,"1,022.6",14.9,75,東,3,0,0
564,臺北,2020/02/09,12:02:00,"1,023.9",14.8,77,東,2,0,0
565,臺北,2020/02/09,11:02:00,"1,025",14.5,78,東南東,2.9,0,0
566,臺北,2020/02/09,10:02:00,"1,024.7",15.1,73,東南東,2.4,0,0
567,臺北,2020/02/09,09:02:00,"1,025",15.1,74,東,1.2,0,0
568,臺北,2020/02/09,08:02:00,"1,024.3",14.7,76,東南東,1.4,0,0
569,臺北,2020/02/09,07:02:00,"1,023.8",14.4,79,東南東,2,0,0
570,臺北,2020/02/09,06:02:00,"1,023.7",14.4,78,東北東,2.9,0,0
571,臺北,2020/02/09,05:02:00,"1,023.2",14.8,77,東,2.5,0,-
572,臺北,2020/02/09,04:02:00,"1,022.9",14.7,80,東,2.3,0,-
573,臺北,2020/02/09,03:02:00,"1,023.3",14.8,78,東,2.5,0,-
574,臺北,2020/02/09,02:02:00,"1,023.4",15.3,73,東,3.4,0,-
575,臺北,2020/02/09,01:02:00,"1,023.4",15.7,71,東,3.7,0,-
576,臺北,2020/02/09,00:02:00,"1,022.2",14.2,72,東北東,4.6,0,-
577,臺北,2020/02/08,23:02:00,"1,023.5",16.1,68,東,3.2,0,-
578,臺北,2020/02/08,22:02:00,"1,023.9",16.3,65,東,2.6,0,-
579,臺北,2020/02/08,21:02:00,"1,023.6",16.3,66,東,3.6,0,-
580,臺北,2020/02/08,20:02:00,"1,023.3",16.1,68,東,2.7,0,-
581,臺北,2020/02/08,19:02:00,"1,023.2",16.3,70,東,2.7,0,0
582,臺北,2020/02/08,18:02:00,"1,022.5",16.2,70,東,2.8,0,0
583,臺北,2020/02/08,17:02:00,"1,022",16.2,69,東,1.9,0,0
584,臺北,2020/02/08,16:02:00,"1,021.7",16.5,67,東,2.3,0,0
585,臺北,2020/02/08,15:02:00,"1,021.1",16.5,67,東,3,0,0
586,臺北,2020/02/08,14:02:00,"1,021.1",16.6,68,東,1.8,0,0
587,臺北,2020/02/08,13:02:00,"1,021.4",16.5,67,東北東,2.1,0,0
588,臺北,2020/02/08,12:02:00,"1,022.3",16.5,69,東,1.7,0,0
589,臺北,2020/02/08,11:02:00,"1,022.9",16.4,71,東北,1.8,0,0
590,臺北,2020/02/08,10:02:00,"1,023.4",16.1,71,東北東,1.9,0,0
591,臺北,2020/02/08,09:02:00,"1,023.2",16.4,66,東北,1.5,0,0
592,臺北,2020/02/08,08:02:00,"1,022.9",15.6,68,東北,0.6,0,0
593,臺北,2020/02/08,07:02:00,"1,022.5",15.7,71,東北東,1.9,0,0
594,臺北,2020/02/08,06:02:00,"1,021.6",15.5,72,東,2.6,0,0
595,臺北,2020/02/08,05:02:00,"1,020.9",15.6,73,東北東,2.7,0,-
596,臺北,2020/02/08,04:02:00,"1,021",16,76,東北東,2.6,0,-
597,臺北,2020/02/08,03:02:00,"1,021.1",16.1,83,北北東,0.8,0,-
598,臺北,2020/02/08,02:02:00,"1,021",16.1,84,東,2,0,-
599,臺北,2020/02/08,01:02:00,"1,021.2",16.2,85,東南東,2.5,0,-
600,臺北,2020/02/08,00:02:00,"1,023.6",15.9,70,東,4,0,-
601,臺北,2020/02/07,23:02:00,"1,021.1",16.1,91,東北東,0.4,0,-
602,臺北,2020/02/07,22:02:00,"1,021",16.1,93,西南,1.1,0,-
603,臺北,2020/02/07,21:02:00,"1,020.8",16,93,西南,1.2,0,-
604,臺北,2020/02/07,20:02:00,"1,020.4",15.9,92,西南,1.1,0,-
605,臺北,2020/02/07,19:02:00,"1,019.6",15.9,91,南南西,1.6,0,0
606,臺北,2020/02/07,18:02:00,"1,019.1",16.7,83,南,1.7,0,0
607,臺北,2020/02/07,17:02:00,"1,018.6",17,80,西北,0.8,0,0
608,臺北,2020/02/07,16:02:00,"1,018.4",17,80,西北,2.4,0,0
609,臺北,2020/02/07,15:02:00,"1,018.1",17.2,80,西北,3.2,0,0
610,臺北,2020/02/07,14:02:00,"1,018.3",17.3,83,西北,3.5,0,0
611,臺北,2020/02/07,13:02:00,"1,018.4",16.7,86,西北,3.5,0,0
612,臺北,2020/02/07,12:02:00,"1,018.7",18.5,75,西北,2,0,0
613,臺北,2020/02/07,11:02:00,"1,019.5",18.4,78,西北西,2.5,0,0
614,臺北,2020/02/07,10:02:00,"1,019.8",17.9,88,西北西,1.8,0,0
615,臺北,2020/02/07,09:02:00,"1,020",16.5,94,西,1.7,0,0
616,臺北,2020/02/07,08:02:00,"1,019.8",15.7,95,西南,1.9,0,0
617,臺北,2020/02/07,07:02:00,"1,019",15.8,93,西南西,1.6,3,0
618,臺北,2020/02/07,06:02:00,"1,018.1",16.2,89,西南西,1.6,0,0
619,臺北,2020/02/07,05:02:00,"1,017.4",15.9,87,西,1.7,0,-
620,臺北,2020/02/07,04:02:00,"1,016.9",16.2,86,西,2.3,0,-
621,臺北,2020/02/07,03:02:00,"1,016.5",16.8,86,西,3.3,0,-
622,臺北,2020/02/07,02:02:00,"1,016.4",17.4,87,西北,3.2,0,-
623,臺北,2020/02/07,01:02:00,"1,016.6",18.4,87,西北西,2.1,0,-
624,臺北,2020/02/07,00:02:00,"1,021.3",16.1,88,東南東,1.5,0,-
625,臺北,2020/02/06,23:02:00,"1,016.1",19,83,西,0.9,0,-
626,臺北,2020/02/06,22:02:00,"1,016.5",19.8,80,西南西,0.9,0,-
627,臺北,2020/02/06,21:02:00,"1,016.2",20.1,78,東南,0.9,0,-
628,臺北,2020/02/06,20:02:00,"1,015.7",20,79,東南東,1.4,0,-
629,臺北,2020/02/06,19:02:00,"1,014.6",20.2,76,東,2.2,0,0
630,臺北,2020/02/06,18:02:00,"1,014",20.8,73,東,3,0,0
631,臺北,2020/02/06,17:02:00,"1,013.6",21.3,69,東南東,4.2,0,0.8
632,臺北,2020/02/06,16:02:00,"1,013.2",22,57,東,4.5,0,1
633,臺北,2020/02/06,15:02:00,"1,013.1",23.6,49,東南東,5.1,0,1
634,臺北,2020/02/06,14:02:00,"1,013.7",23.4,52,東南東,5.5,0,0.9
635,臺北,2020/02/06,13:02:00,"1,014.6",22.2,61,東南東,4.6,0,0.3
636,臺北,2020/02/06,12:02:00,"1,015.3",22.6,59,東南東,4.1,0,0.5
637,臺北,2020/02/06,11:02:00,"1,016.6",21.2,63,東南東,4.1,0,0.3
638,臺北,2020/02/06,10:02:00,"1,017.7",20.4,65,東北東,5.3,0,0.4
639,臺北,2020/02/06,09:02:00,"1,018.3",19.5,75,東,5.5,0,0.6
640,臺北,2020/02/06,08:02:00,"1,018.5",17.4,88,東,4.2,0,0
641,臺北,2020/02/06,07:02:00,"1,018.5",16.6,88,東,3.8,0,0
642,臺北,2020/02/06,06:02:00,"1,018.9",16.9,82,東南東,3.6,0,0
643,臺北,2020/02/06,05:02:00,"1,018.7",16.4,84,東南東,3.1,0,-
644,臺北,2020/02/06,04:02:00,"1,018.9",16.2,85,東南東,2.9,0,-
645,臺北,2020/02/06,03:02:00,"1,019.5",16.2,82,東南東,2.8,0,-
646,臺北,2020/02/06,02:02:00,"1,019.8",16.2,78,東,3.2,0,-
647,臺北,2020/02/06,01:02:00,"1,020.2",16.1,77,東南,2.2,0,-
648,臺北,2020/02/06,00:02:00,"1,016.1",18.6,86,西北西,1.4,0,-
649,臺北,2020/02/05,23:02:00,"1,021",15.9,82,東,3.5,0,-
650,臺北,2020/02/05,22:02:00,"1,021",15.7,85,東,3.9,0,-
651,臺北,2020/02/05,21:02:00,"1,020.9",16,82,東,4.3,0,-
652,臺北,2020/02/05,20:02:00,"1,021",16,79,東南東,3,0,-
653,臺北,2020/02/05,19:02:00,"1,020.3",15.7,80,東,3.8,0,0
654,臺北,2020/02/05,18:02:00,"1,019.9",15.8,77,東南東,2.5,0,0
655,臺北,2020/02/05,17:02:00,"1,019.6",16.1,74,東南東,3.5,0,0
656,臺北,2020/02/05,16:02:00,"1,019.2",16.3,71,東,4,0,0
657,臺北,2020/02/05,15:02:00,"1,018.7",16.2,71,東,5,0,0
658,臺北,2020/02/05,14:02:00,"1,019",16.3,72,東,4.6,0,0
659,臺北,2020/02/05,13:02:00,"1,019.4",16.5,74,東,4.3,0,0
660,臺北,2020/02/05,12:02:00,"1,020.1",16.6,77,東,4.3,0,0
661,臺北,2020/02/05,11:02:00,"1,020.8",16.3,83,東,3,0,0
662,臺北,2020/02/05,10:02:00,"1,021",16.3,89,東北東,3.8,0,0
663,臺北,2020/02/05,09:02:00,"1,020.7",15.7,94,東,3.5,0,0
664,臺北,2020/02/05,08:02:00,"1,019.7",15.7,96,東,2.3,0,0
665,臺北,2020/02/05,07:02:00,"1,019.3",15.8,97,靜風,0.2,0,0
666,臺北,2020/02/05,06:02:00,"1,018.5",15.5,97,南南東,0.9,0,0
667,臺北,2020/02/05,05:02:00,"1,017.9",15.4,97,南南東,1.6,1,-
668,臺北,2020/02/05,04:02:00,"1,018",15.4,97,西南,0.9,0,-
669,臺北,2020/02/05,03:02:00,"1,017.8",15.5,97,南,1,1,-
670,臺北,2020/02/05,02:02:00,"1,018.1",15.9,97,靜風,0.2,2,-
671,臺北,2020/02/05,01:02:00,"1,018.3",16.1,96,西,1.1,2,-
672,臺北,2020/02/05,00:02:00,"1,020.9",16.2,78,東南東,2.8,0,-
673,臺北,2020/02/04,23:02:00,"1,018.5",16.4,95,西北,2,3,-
674,臺北,2020/02/04,22:02:00,"1,018.2",17.1,94,西,0.6,2,-
675,臺北,2020/02/04,21:02:00,"1,017.7",17.4,93,北北東,0.9,0,-
676,臺北,2020/02/04,20:02:00,"1,017.4",17.5,90,東南,0.7,0,-
677,臺北,2020/02/04,19:02:00,"1,016.7",17.6,88,東,2.2,0,0
678,臺北,2020/02/04,18:02:00,"1,016.1",17.7,85,南南東,1.8,0,0
679,臺北,2020/02/04,17:02:00,"1,016.2",17.8,83,東南,1.8,0,0
680,臺北,2020/02/04,16:02:00,"1,016",18.2,82,南,0.5,0,0
681,臺北,2020/02/04,15:02:00,"1,015.6",18.5,80,西北西,2.2,0,0
682,臺北,2020/02/04,14:02:00,"1,015.9",19,85,西北,2.5,0,0
683,臺北,2020/02/04,13:02:00,"1,016.8",18,91,西北,2,0,0
684,臺北,2020/02/04,12:02:00,"1,017.1",17.8,93,北北西,1.1,0,0
685,臺北,2020/02/04,11:02:00,"1,017.9",17.8,96,南,0.7,0,0
686,臺北,2020/02/04,10:02:00,"1,018.5",17.3,94,東南,1,0,0
687,臺北,2020/02/04,09:02:00,"1,018.5",16.8,96,南南東,1.3,0,0
688,臺北,2020/02/04,08:02:00,"1,018.1",16.5,96,南南東,1.5,0,0
689,臺北,2020/02/04,07:02:00,"1,017.4",16.2,96,南,1.3,0,0
690,臺北,2020/02/04,06:02:00,"1,017.5",16.3,95,西南,1.2,0,0
691,臺北,2020/02/04,05:02:00,"1,016.8",16,95,西南,1.1,0,-
692,臺北,2020/02/04,04:02:00,"1,016.8",16.3,94,西南,1,0,-
693,臺北,2020/02/04,03:02:00,"1,017",16.2,94,南南西,0.4,0,-
694,臺北,2020/02/04,02:02:00,"1,017.8",16.3,93,南南西,0.9,0,-
695,臺北,2020/02/04,01:02:00,"1,018.1",16.2,92,西南,0.8,0,-
696,臺北,2020/02/04,00:02:00,"1,018.3",16.2,96,東北東,0.8,1,-
697,臺北,2020/02/03,23:02:00,"1,019",17,88,東北東,0.8,0,-
698,臺北,2020/02/03,22:02:00,"1,018.9",16.6,91,南,1.5,0,-
699,臺北,2020/02/03,21:02:00,"1,019.2",16.7,88,南南西,1.4,0,-
700,臺北,2020/02/03,20:02:00,"1,019.1",18,76,風向不定,0.9,0,-
701,臺北,2020/02/03,19:02:00,"1,018.5",18.2,74,東,1.1,0,0
702,臺北,2020/02/03,18:02:00,"1,018.1",18.2,72,東北東,3.3,0,0
703,臺北,2020/02/03,17:02:00,"1,018",18.5,71,東北,2.5,0,0
704,臺北,2020/02/03,16:02:00,"1,017.6",18.8,70,北北東,2.3,0,0
705,臺北,2020/02/03,15:02:00,"1,017.2",19.1,68,東北東,3.1,0,0
706,臺北,2020/02/03,14:02:00,"1,017",20.3,62,北北東,1.9,0,0
707,臺北,2020/02/03,13:02:00,"1,017.2",21.9,57,東,1.6,0,0.1
708,臺北,2020/02/03,12:02:00,"1,017.6",24.5,46,東南東,2,0,0.7
709,臺北,2020/02/03,11:02:00,"1,018.6",23.7,46,東南東,1.9,0,1
710,臺北,2020/02/03,10:02:00,"1,019.1",21.5,49,南南東,0.4,0,1
711,臺北,2020/02/03,09:02:00,"1,018.9",18.9,61,風向不定,0.3,0,1
712,臺北,2020/02/03,08:02:00,"1,018.8",16.2,80,東,0.3,0,0.7
713,臺北,2020/02/03,07:02:00,"1,018.7",15,85,北北東,1,0,0
714,臺北,2020/02/03,06:02:00,"1,018.6",14.7,86,東南,1.6,0,0
715,臺北,2020/02/03,05:02:00,"1,018",14.4,87,南,0.9,0,-
716,臺北,2020/02/03,04:02:00,"1,018.1",14.8,85,東南,0.9,0,-
717,臺北,2020/02/03,03:02:00,"1,018",15.4,83,南,0.6,0,-
718,臺北,2020/02/03,02:02:00,"1,018.1",15.3,81,南南東,1.1,0,-
719,臺北,2020/02/03,01:02:00,"1,018.8",16.3,78,南南東,1.3,0,-
720,臺北,2020/02/03,00:02:00,"1,018.6",16.6,91,南南東,1,0,-
721,臺北,2020/02/02,23:02:00,"1,018.7",16.9,76,東南,0.6,0,-
722,臺北,2020/02/02,22:02:00,"1,018.9",17,75,東南,0.7,0,-
723,臺北,2020/02/02,21:02:00,"1,018.8",17.5,72,南南東,1.7,0,-
724,臺北,2020/02/02,20:02:00,"1,018.9",18,69,東,0.8,0,-
725,臺北,2020/02/02,19:02:00,"1,018.4",18.3,67,東北東,3,0,0
726,臺北,2020/02/02,18:02:00,"1,018.1",18.5,65,東,2.9,0,0
727,臺北,2020/02/02,17:02:00,"1,017.9",19.3,59,東,2.7,0,0.3
728,臺北,2020/02/02,16:02:00,"1,017.3",20,50,東,3.1,0,0.8
729,臺北,2020/02/02,15:02:00,"1,017.1",21.5,43,東,3.2,0,0.4
730,臺北,2020/02/02,14:02:00,"1,017.2",23.4,37,東,1.8,0,1
731,臺北,2020/02/02,13:02:00,"1,018.1",22.1,42,東南東,1.9,0,0.7
732,臺北,2020/02/02,12:02:00,"1,019.7",23.1,37,南,0.5,0,1
733,臺北,2020/02/02,11:02:00,"1,020.4",21.8,42,東,1.7,0,1
734,臺北,2020/02/02,10:02:00,"1,020.6",20,47,東,3.4,0,1
735,臺北,2020/02/02,09:02:00,"1,021.1",18.2,53,東南東,2.2,0,1
736,臺北,2020/02/02,08:02:00,"1,020.1",15.1,69,東,3.4,0,1
737,臺北,2020/02/02,07:02:00,"1,019.8",13.8,76,東,2.1,0,0
738,臺北,2020/02/02,06:02:00,"1,020.1",14.1,72,東,2.3,0,0
739,臺北,2020/02/02,05:02:00,"1,020",13.9,72,東,1.9,0,-
740,臺北,2020/02/02,04:02:00,"1,019.7",13.8,72,東南東,2.1,0,-
741,臺北,2020/02/02,03:02:00,"1,020.1",13.3,74,東南東,1.7,0,-
742,臺北,2020/02/02,02:02:00,"1,020.3",13.6,72,東南東,2,0,-
743,臺北,2020/02/02,01:02:00,"1,020.4",14,70,東北東,2.3,0,-
744,臺北,2020/02/02,00:02:00,"1,018.9",16.6,76,南南東,0.7,0,-
745,臺北,2020/02/01,23:02:00,"1,020.7",14.1,69,東,2.5,0,-
746,臺北,2020/02/01,22:02:00,"1,020.6",14.4,68,東,2.9,0,-
747,臺北,2020/02/01,21:02:00,"1,020.8",14.4,68,東南東,3,0,-
748,臺北,2020/02/01,20:02:00,"1,020.7",14.4,67,東,3.2,0,-
749,臺北,2020/02/01,19:02:00,"1,020.4",14.4,66,東,2.7,0,0
750,臺北,2020/02/01,18:02:00,"1,019.8",14.9,62,東,4.8,0,0
751,臺北,2020/02/01,17:02:00,"1,019.3",15.3,57,東,6.5,0,1
752,臺北,2020/02/01,16:02:00,"1,019",16.1,47,東,5.8,0,1
753,臺北,2020/02/01,15:02:00,"1,018.9",17.7,42,東,4.6,0,1
754,臺北,2020/02/01,14:02:00,"1,019",18.8,39,東南東,3.2,0,1
755,臺北,2020/02/01,13:02:00,"1,019.4",17.6,47,東,4.6,0,1
756,臺北,2020/02/01,12:02:00,"1,020.5",18.3,39,東,4.6,0,1
757,臺北,2020/02/01,11:02:00,"1,021.5",18.3,42,東南東,3.7,0,1
758,臺北,2020/02/01,10:02:00,"1,022.1",17,46,東南東,3.8,0,1
759,臺北,2020/02/01,09:02:00,"1,022.1",15,52,東南東,1.4,0,1
760,臺北,2020/02/01,08:02:00,"1,022.2",10.7,78,南,0.3,0,0.9
761,臺北,2020/02/01,07:02:00,"1,021.7",9.2,86,南南東,0.5,0,0
762,臺北,2020/02/01,06:02:00,"1,021.1",8.7,86,南,1.1,0,0
763,臺北,2020/02/01,05:02:00,"1,020.6",8.9,84,南,0.8,0,-
764,臺北,2020/02/01,04:02:00,"1,020.2",9.3,81,東,0.9,0,-
765,臺北,2020/02/01,03:02:00,"1,020.3",10.4,73,東,1.5,0,-
766,臺北,2020/02/01,02:02:00,"1,020.5",11.1,70,東,2,0,-
767,臺北,2020/02/01,01:02:00,"1,020.8",11.3,70,東,3.2,0,-
768,臺北,2020/02/01,00:02:00,"1,020.5",14,70,東,2.2,0,-
769,臺北,2020/01/31,23:01:00,"1,021.4",11.5,67,東,1.7,0,-
770,臺北,2020/01/31,22:01:00,"1,021.4",11.7,65,東南東,2.4,0,-
771,臺北,2020/01/31,21:01:00,"1,021.1",11.8,64,東,2.8,0,-
772,臺北,2020/01/31,20:01:00,"1,020.6",12.3,62,東,2.8,0,-
773,臺北,2020/01/31,19:01:00,"1,020.1",12.6,58,東,3.9,0,0
774,臺北,2020/01/31,18:01:00,"1,019.3",13,57,東,4.3,0,0
775,臺北,2020/01/31,17:01:00,"1,019",13.5,50,東,3.9,0,0.9
776,臺北,2020/01/31,16:01:00,"1,018.8",14.4,43,東,3.9,0,1
777,臺北,2020/01/31,15:01:00,"1,018.8",15.9,37,東,4.8,0,1
778,臺北,2020/01/31,14:01:00,"1,018.9",16.9,35,東,2.7,0,1
779,臺北,2020/01/31,13:01:00,"1,019.4",15.4,38,東,3.7,0,0.8
780,臺北,2020/01/31,12:01:00,"1,020.2",17.4,35,東,3.9,0,1
781,臺北,2020/01/31,11:01:00,"1,021.1",16.7,39,東南東,3.5,0,0.6
782,臺北,2020/01/31,10:01:00,"1,021.6",14.7,42,南南東,0.8,0,0.9
783,臺北,2020/01/31,09:01:00,"1,021.2",12.8,55,南,1.6,0,1
784,臺北,2020/01/31,08:01:00,"1,020.9",9.3,78,東南,0.7,0,0.2
785,臺北,2020/01/31,07:01:00,"1,020.4",8.2,80,南南東,0.9,0,0
786,臺北,2020/01/31,06:01:00,"1,020",7.9,80,南南東,0.7,0,0
787,臺北,2020/01/31,05:01:00,"1,019.3",7.8,79,南,0.8,0,-
788,臺北,2020/01/31,04:01:00,"1,019",8.1,78,南南東,1.4,0,-
789,臺北,2020/01/31,03:01:00,"1,019.1",8,75,南南東,1,0,-
790,臺北,2020/01/31,02:01:00,"1,019.3",8.4,71,南,0.6,0,-
791,臺北,2020/01/31,01:01:00,"1,019.8",8.6,70,南,0.8,0,-
792,臺北,2020/01/31,00:01:00,"1,021",11.2,71,東,2,0,-
793,臺北,2020/01/30,23:01:00,"1,020.2",9.1,68,南南東,1.1,0,-
794,臺北,2020/01/30,22:01:00,"1,020.3",9.6,65,南,2.5,0,-
795,臺北,2020/01/30,21:01:00,"1,020",9.9,65,南,2.3,0,-
796,臺北,2020/01/30,20:01:00,"1,019.7",11.1,53,東,0.6,0,-
797,臺北,2020/01/30,19:01:00,"1,019.3",11.4,50,東北,1.7,0,0
798,臺北,2020/01/30,18:01:00,"1,018.7",12.1,51,北北西,1.1,0,0.1
799,臺北,2020/01/30,17:01:00,"1,017.9",12.9,46,東南,2.6,0,1
800,臺北,2020/01/30,16:01:00,"1,017.2",14,34,西,2.9,0,1
801,臺北,2020/01/30,15:01:00,"1,016.7",16.1,30,西,1.9,0,1
802,臺北,2020/01/30,14:01:00,"1,016.9",16.7,30,西,3.3,0,1
803,臺北,2020/01/30,13:01:00,"1,017.1",15.3,37,西北西,4.2,0,1
804,臺北,2020/01/30,12:01:00,"1,018.2",16,31,北,4.1,0,1
805,臺北,2020/01/30,11:01:00,"1,019",14.9,36,西北西,1.9,0,0.7
806,臺北,2020/01/30,10:01:00,"1,019.7",14.3,48,北,1.3,0,0.2
807,臺北,2020/01/30,09:01:00,"1,019.9",12.9,46,西北,2.2,0,0.2
808,臺北,2020/01/30,08:01:00,"1,019.1",12,59,西北,1,0,0
809,臺北,2020/01/30,07:01:00,"1,018.5",10.5,82,東,0.8,0,0
810,臺北,2020/01/30,06:01:00,"1,017.9",10.2,83,南,0.4,0,0
811,臺北,2020/01/30,05:01:00,"1,017.5",10,84,西,1.3,0,-
812,臺北,2020/01/30,04:01:00,"1,017.4",9.6,87,南南西,0.9,0,-
813,臺北,2020/01/30,03:01:00,"1,017.6",9,86,南,0.8,0,-
814,臺北,2020/01/30,02:01:00,"1,017.9",9.9,82,南,0.5,0,-
815,臺北,2020/01/30,01:01:00,"1,018",9.8,84,南,2.4,0,-
816,臺北,2020/01/30,00:01:00,"1,019.9",8.9,69,南南東,1.7,0,-
817,臺北,2020/01/29,23:01:00,"1,018.3",10.5,71,東,1.3,0,-
818,臺北,2020/01/29,22:01:00,"1,018.4",11,68,東北,2,0,-
819,臺北,2020/01/29,21:01:00,"1,018.5",11.4,64,東北,2.2,0,-
820,臺北,2020/01/29,20:01:00,"1,018",11.9,70,東北東,1,0,-
821,臺北,2020/01/29,19:01:00,"1,017.7",12.3,68,東,0.5,0,0
822,臺北,2020/01/29,18:01:00,"1,017.2",12.6,67,北,1.1,0,0
823,臺北,2020/01/29,17:01:00,"1,016.7",12.3,72,靜風,0.1,0,0
824,臺北,2020/01/29,16:01:00,"1,016.2",12.5,71,南南西,1.1,0,0
825,臺北,2020/01/29,15:01:00,"1,016.1",12.9,67,北北東,0.5,0,0
826,臺北,2020/01/29,14:01:00,"1,016.4",12.6,69,北北西,1,0,0
827,臺北,2020/01/29,13:01:00,"1,016.7",12.3,73,南南西,1,0,0
828,臺北,2020/01/29,12:01:00,"1,017.8",11.6,80,南南西,1,0,0
829,臺北,2020/01/29,11:01:00,"1,018",12.1,76,南南西,1.6,0,0
830,臺北,2020/01/29,10:01:00,"1,018.7",12.1,77,西南,0.8,0,0
831,臺北,2020/01/29,09:01:00,"1,018.4",11.9,83,西,1.3,0,0
832,臺北,2020/01/29,08:01:00,"1,017.9",12,84,西北西,1.5,0,0
833,臺北,2020/01/29,07:01:00,"1,017.7",12.1,85,西,1.5,0,0
834,臺北,2020/01/29,06:01:00,"1,017",12.2,83,南,1.2,0,0
835,臺北,2020/01/29,05:01:00,"1,016.7",12.5,82,西南,1.6,0,-
836,臺北,2020/01/29,04:01:00,"1,016.6",12.5,83,西南,1.4,0,-
837,臺北,2020/01/29,03:01:00,"1,016.6",12.4,85,西南,1.4,0,-
838,臺北,2020/01/29,02:01:00,"1,016.9",12.2,88,西南,0.7,0,-
839,臺北,2020/01/29,01:01:00,"1,017.4",12.1,89,西南,1.3,0,-
840,臺北,2020/01/29,00:01:00,"1,018.1",10,85,南,1.5,0,-
841,臺北,2020/01/28,23:01:00,"1,017.9",12,92,南南西,1.3,0,-
842,臺北,2020/01/28,22:01:00,"1,017.8",12,94,南南西,0.6,0,-
843,臺北,2020/01/28,21:01:00,"1,017.6",12,91,西北西,1.2,1,-
844,臺北,2020/01/28,20:01:00,"1,017",13.2,85,東,1.1,0,-
845,臺北,2020/01/28,19:01:00,"1,015.6",13.3,81,東,3.7,0,0
846,臺北,2020/01/28,18:01:00,"1,015.2",13.6,82,東南,1.2,0,0
847,臺北,2020/01/28,17:01:00,"1,014.4",13.6,80,東,2.9,0,0
848,臺北,2020/01/28,16:01:00,"1,013.9",14,82,東南,2.4,0,0
849,臺北,2020/01/28,15:01:00,"1,014.3",14.6,71,東北東,1.7,0,0
850,臺北,2020/01/28,14:01:00,"1,014.2",14.4,73,東,1.6,0,0
851,臺北,2020/01/28,13:01:00,"1,013.9",15.2,66,東南東,1.7,0,0
852,臺北,2020/01/28,12:01:00,"1,015.1",15.3,67,東,1.4,0,0
853,臺北,2020/01/28,11:01:00,"1,015.8",15,70,東北,1.8,0,0
854,臺北,2020/01/28,10:01:00,"1,015.1",14.8,71,東南東,2.8,0,0
855,臺北,2020/01/28,09:01:00,"1,015.3",14.5,75,東南東,2.4,0,0
856,臺北,2020/01/28,08:01:00,"1,015",13.9,78,東南,1.7,0,0
857,臺北,2020/01/28,07:01:00,"1,014.5",13.7,82,東,2.9,0,0
858,臺北,2020/01/28,06:01:00,"1,014.3",14.1,79,東南,2.7,0,0
859,臺北,2020/01/28,05:01:00,"1,013.8",14.2,81,東南,0.7,0,-
860,臺北,2020/01/28,04:01:00,"1,013.4",14.7,77,東北東,2,0,-
861,臺北,2020/01/28,03:01:00,"1,013.4",15,75,北北東,1.8,0,-
862,臺北,2020/01/28,02:01:00,"1,013.7",15,75,東,1.3,0,-
863,臺北,2020/01/28,01:01:00,"1,013.1",15,76,東,1.3,0,-
864,臺北,2020/01/28,00:01:00,"1,017.4",11.9,90,西南,1.3,0,-
865,臺北,2020/01/27,23:01:00,"1,014.4",14.7,80,南,1.6,0,-
866,臺北,2020/01/27,22:01:00,"1,014.1",14.7,78,北北東,1.4,0,-
867,臺北,2020/01/27,21:01:00,"1,013.9",14.7,81,東北,2,0,-
868,臺北,2020/01/27,20:01:00,"1,013.4",14,84,南南東,0.4,0,-
869,臺北,2020/01/27,19:01:00,"1,013.9",14,87,南南西,1.5,0,0
870,臺北,2020/01/27,18:01:00,"1,012.7",13.6,90,南,2,0,0
871,臺北,2020/01/27,17:01:00,"1,012.3",13.7,88,南,1.1,0,0
872,臺北,2020/01/27,16:01:00,"1,011.8",14.3,79,東南東,0.6,0,0
873,臺北,2020/01/27,15:01:00,"1,011.3",14.6,77,東,1.3,0,0
874,臺北,2020/01/27,14:01:00,"1,011.5",15.5,74,西北西,1.8,0,0
875,臺北,2020/01/27,13:01:00,"1,012.2",15.2,73,北北西,4.7,0,0
876,臺北,2020/01/27,12:01:00,"1,012.8",15.4,76,北北西,2.8,0,0
877,臺北,2020/01/27,11:01:00,"1,013",15.2,83,西北,3.2,0,0
878,臺北,2020/01/27,10:01:00,"1,013.3",15.1,91,西北,1.1,0,0
879,臺北,2020/01/27,09:01:00,"1,013.1",14.5,95,靜風,0.2,0,0
880,臺北,2020/01/27,08:01:00,"1,011.9",14.3,91,南南東,1.8,0,0
881,臺北,2020/01/27,07:01:00,"1,010.8",14.8,89,西北,1.6,0,0
882,臺北,2020/01/27,06:01:00,"1,010.1",14.9,91,西北,2.7,0,0
883,臺北,2020/01/27,05:01:00,"1,009.8",14.9,94,西北,2.5,0,-
884,臺北,2020/01/27,04:01:00,"1,009.6",14.6,95,西北,3.4,0,-
885,臺北,2020/01/27,03:01:00,"1,009.7",14.8,97,西北,2.7,0,-
886,臺北,2020/01/27,02:01:00,"1,010.3",15.1,97,西北,3.1,1,-
887,臺北,2020/01/27,01:01:00,"1,010.6",15.6,97,西北,2.2,1,-
888,臺北,2020/01/27,00:01:00,"1,014.5",14.8,80,東南東,0.6,0,-
889,臺北,2020/01/26,23:01:00,"1,009.3",16.1,95,北北西,1.2,0,-
890,臺北,2020/01/26,22:01:00,"1,008.7",15.9,97,西南西,1.1,0,-
891,臺北,2020/01/26,21:01:00,"1,009.2",15.8,97,西南西,1.4,0,-
892,臺北,2020/01/26,20:01:00,"1,009.2",15.8,97,西,3,1,-
893,臺北,2020/01/26,19:01:00,"1,009.8",15.7,97,西北,3.3,1,0
894,臺北,2020/01/26,18:01:00,"1,008.8",16.9,96,西北,3.7,1,0
895,臺北,2020/01/26,17:01:00,"1,007.6",18.2,96,西北西,1.7,0,0
896,臺北,2020/01/26,16:01:00,"1,006.8",18.4,96,西北,1.2,1,0
897,臺北,2020/01/26,15:01:00,"1,006.4",18.8,96,西,1.1,1,0
898,臺北,2020/01/26,14:01:00,"1,007",18.4,95,靜風,0.2,1,0
899,臺北,2020/01/26,13:01:00,"1,008.2",18.8,93,西南西,0.6,0,0
900,臺北,2020/01/26,12:01:00,"1,009.5",18.6,95,西南,1,1,0
901,臺北,2020/01/26,11:01:00,"1,009.8",18.6,96,南,0.4,4,0
902,臺北,2020/01/26,10:01:00,"1,011.3",18,96,西,1.4,4,0
903,臺北,2020/01/26,09:01:00,"1,012.5",17.8,96,西南西,2.2,5,0
904,臺北,2020/01/26,08:01:00,"1,009.9",18.1,96,西南西,1.6,4,0
905,臺北,2020/01/26,07:01:00,"1,009",18.4,96,東南,0.6,2,0
906,臺北,2020/01/26,06:01:00,"1,009.1",18.4,94,南南東,0.5,2,0
907,臺北,2020/01/26,05:01:00,"1,009.1",18.7,92,東南,0.8,1,-
908,臺北,2020/01/26,04:01:00,"1,008.9",19.1,90,東南東,2,0,-
909,臺北,2020/01/26,03:01:00,"1,010.4",19.2,92,東,1.9,0,-
910,臺北,2020/01/26,02:01:00,"1,011.4",19,92,東南東,1,0,-
911,臺北,2020/01/26,01:01:00,"1,012.3",19.2,89,東,1.4,0,-
912,臺北,2020/01/26,00:01:00,"1,010.2",16,96,西北,2.2,0,-
913,臺北,2020/01/25,23:01:00,"1,013.5",18.9,87,東南,1.4,0,-
914,臺北,2020/01/25,22:01:00,"1,014.2",19.2,88,東北東,1.3,0,-
915,臺北,2020/01/25,21:01:00,"1,013.7",18.9,88,東南東,1.9,0,-
916,臺北,2020/01/25,20:01:00,"1,014.1",18.7,87,東南東,2.6,0,-
917,臺北,2020/01/25,19:01:00,"1,013.5",18.8,86,東,1.7,0,0
918,臺北,2020/01/25,18:01:00,"1,013.7",19.1,83,東,2.1,0,0
919,臺北,2020/01/25,17:01:00,"1,013.3",19.4,85,東南,3.3,0,0
920,臺北,2020/01/25,16:01:00,"1,013.4",19.9,80,西南,0.4,0,0
921,臺北,2020/01/25,15:01:00,"1,013.2",20.2,79,北北西,2.4,0,0
922,臺北,2020/01/25,14:01:00,"1,013.7",22,71,西北西,2.1,0,0
923,臺北,2020/01/25,13:01:00,"1,014.3",23,67,西北西,1.6,0,0.1
924,臺北,2020/01/25,12:01:00,"1,014.9",22.7,72,南南西,1.6,0,0
925,臺北,2020/01/25,11:01:00,"1,015.8",21.3,81,西南,1.9,0,0
926,臺北,2020/01/25,10:01:00,"1,015.9",22.1,77,西,1.6,0,0
927,臺北,2020/01/25,09:01:00,"1,015.2",21.2,90,西南西,0.6,0,0
928,臺北,2020/01/25,08:01:00,"1,014.9",20.1,95,東,1.5,0,0
929,臺北,2020/01/25,07:01:00,"1,014.6",20,92,西南西,0.4,0,0
930,臺北,2020/01/25,06:01:00,"1,014.1",19.8,95,靜風,0.2,0,0
931,臺北,2020/01/25,05:01:00,"1,013.7",19.7,94,東北東,2,0,-
932,臺北,2020/01/25,04:01:00,"1,013.9",20,91,東,2.5,0,-
933,臺北,2020/01/25,03:01:00,"1,014.5",20.3,90,東,1.8,0,-
934,臺北,2020/01/25,02:01:00,"1,015.2",20.3,92,東北東,2.3,0,-
935,臺北,2020/01/25,01:01:00,"1,016",20.2,92,東,2.9,0,-
936,臺北,2020/01/25,00:01:00,"1,012.8",19.3,90,東,3.3,0,-
937,臺北,2020/01/24,23:01:00,"1,017.2",20.2,89,東,1.7,0,-
938,臺北,2020/01/24,22:01:00,"1,017.5",20.1,91,東,1.1,0,-
939,臺北,2020/01/24,21:01:00,"1,017.3",20.2,88,東,2.7,0,-
940,臺北,2020/01/24,20:01:00,"1,017",20.1,87,東,3.5,0,-
941,臺北,2020/01/24,19:01:00,"1,016.5",21,85,東北東,3,0,0
942,臺北,2020/01/24,18:01:00,"1,016.2",21,87,西,1.3,0,0
943,臺北,2020/01/24,17:01:00,"1,015.5",21.7,89,西,1.6,0,0
944,臺北,2020/01/24,16:01:00,"1,014.9",21.9,78,西南,1.1,0,0
945,臺北,2020/01/24,15:01:00,"1,014.5",23.4,73,西南西,2.7,0,0
946,臺北,2020/01/24,14:01:00,"1,014.6",24.1,70,東,3.8,0,0
947,臺北,2020/01/24,13:01:00,"1,015",25.3,63,西,0.7,0,0.5
948,臺北,2020/01/24,12:01:00,"1,015.7",25.9,60,北北西,0.7,0,0.7
949,臺北,2020/01/24,11:01:00,"1,016.7",26.2,54,北北東,1.9,0,1
950,臺北,2020/01/24,10:01:00,"1,017.6",22.9,79,東南,1.5,0,0.2
951,臺北,2020/01/24,09:01:00,"1,017.9",20.4,89,東南東,0.9,0,0
952,臺北,2020/01/24,08:01:00,"1,017.7",19.9,90,北,0.7,0,0
953,臺北,2020/01/24,07:01:00,"1,017",19.7,91,南南東,0.5,0,0
954,臺北,2020/01/24,06:01:00,"1,016.5",19.5,91,南,1.4,0,0
955,臺北,2020/01/24,05:01:00,"1,016",19.6,90,南南西,0.8,0,-
956,臺北,2020/01/24,04:01:00,"1,015.7",19.8,88,南南西,1,0,-
957,臺北,2020/01/24,03:01:00,"1,015.7",19.7,91,南南西,0.9,0,-
958,臺北,2020/01/24,02:01:00,"1,015.7",19.4,88,南南西,0.9,0,-
959,臺北,2020/01/24,01:01:00,"1,016.1",20,87,西南,1.2,0,-
960,臺北,2020/01/24,00:01:00,"1,016.9",20.1,90,東北東,2.1,0,-
961,臺北,2020/01/23,23:01:00,"1,015.4",20.2,87,北北東,1.4,0,-
962,臺北,2020/01/23,22:01:00,"1,015.3",20.4,82,北北東,1.4,0,-
963,臺北,2020/01/23,21:01:00,"1,015.4",21,79,東,2.3,0,-
964,臺北,2020/01/23,20:01:00,"1,015.2",21.4,76,東,1.6,0,-
965,臺北,2020/01/23,19:01:00,"1,015",21.8,71,東,4.7,0,0
966,臺北,2020/01/23,18:01:00,"1,014.4",22.7,67,東,2.6,0,0
967,臺北,2020/01/23,17:01:00,"1,013.8",24.3,62,西北,0.5,0,0
968,臺北,2020/01/23,16:01:00,"1,013.4",25.6,55,東,2.9,0,0
969,臺北,2020/01/23,15:01:00,"1,013.3",26.7,52,西北西,0.6,0,0.1
970,臺北,2020/01/23,14:01:00,"1,013.7",29.3,45,東北東,0.6,0,0.4
971,臺北,2020/01/23,13:01:00,"1,014.4",26.9,47,東北,1,0,0.1
972,臺北,2020/01/23,12:01:00,"1,015.3",26,52,靜風,0,0,0
973,臺北,2020/01/23,11:01:00,"1,016.2",24.4,58,靜風,0.1,0,0
974,臺北,2020/01/23,10:01:00,"1,016.7",22.7,64,東南,0.6,0,0
975,臺北,2020/01/23,09:01:00,"1,016.6",20.3,77,東南,1.3,0,0
976,臺北,2020/01/23,08:01:00,"1,016",19,89,南南西,0.5,0,0.3
977,臺北,2020/01/23,07:01:00,"1,015.5",17.4,94,東南,0.9,0,0
978,臺北,2020/01/23,06:01:00,"1,015.1",17.4,92,靜風,0.1,0,0
979,臺北,2020/01/23,05:01:00,"1,014.6",17.8,90,南,1.3,0,-
980,臺北,2020/01/23,04:01:00,"1,014.7",18.2,89,南,1.6,0,-
981,臺北,2020/01/23,03:01:00,"1,014.6",17.8,89,南南東,0.3,0,-
982,臺北,2020/01/23,02:01:00,"1,015.4",18.4,88,南南西,0.9,0,-
983,臺北,2020/01/23,01:01:00,"1,015.8",18.9,89,靜風,0.2,0,-
984,臺北,2020/01/23,00:01:00,"1,015.9",20.1,85,南南西,0.3,0,-
985,臺北,2020/01/22,23:01:00,"1,015.5",19.7,85,南,0.4,0,-
986,臺北,2020/01/22,22:01:00,"1,016",20.2,79,南,0.9,0,-
987,臺北,2020/01/22,21:01:00,"1,016.4",20.6,74,西南西,0.3,0,-
988,臺北,2020/01/22,20:01:00,"1,016.4",20.4,72,西南,0.7,0,-
989,臺北,2020/01/22,19:01:00,"1,015.8",21.5,66,西,1.2,0,0
990,臺北,2020/01/22,18:01:00,"1,015",21.6,70,北北西,0.6,0,0
991,臺北,2020/01/22,17:01:00,"1,014.5",22.6,65,北北西,1.1,0,0.1
992,臺北,2020/01/22,16:01:00,"1,014.1",24.1,57,西北,1.4,0,0.6
993,臺北,2020/01/22,15:01:00,"1,013.9",26.6,45,北北西,1.9,0,1
994,臺北,2020/01/22,14:01:00,"1,013.9",28.2,39,北,1.1,0,0.5
995,臺北,2020/01/22,13:01:00,"1,014.7",26.4,45,西北西,1.3,0,0.6
996,臺北,2020/01/22,12:01:00,"1,016.1",26.2,42,南南東,0.8,0,0.8
997,臺北,2020/01/22,11:01:00,"1,017.4",25.1,43,南南西,0.4,0,0.7
998,臺北,2020/01/22,10:01:00,"1,018",22.1,51,西北西,1.4,0,0.3
999,臺北,2020/01/22,09:01:00,"1,018.1",21.1,56,南南西,0.4,0,0.6
1000,臺北,2020/01/22,08:01:00,"1,017.6",17.7,81,東南東,1.3,0,0.6
1001,臺北,2020/01/22,07:01:00,"1,017.2",16.1,87,南,0.7,0,0
1002,臺北,2020/01/22,06:01:00,"1,016.9",16.1,82,東,0.5,0,0
1003,臺北,2020/01/22,05:01:00,"1,016.7",16.6,79,南南西,1.1,0,-
1004,臺北,2020/01/22,04:01:00,"1,016.3",17.2,78,西南,1.7,0,-
1005,臺北,2020/01/22,03:01:00,"1,016",16.1,83,靜風,0.2,0,-
1006,臺北,2020/01/22,02:01:00,"1,016.1",16,85,南南東,0.8,0,-
1007,臺北,2020/01/22,01:01:00,"1,016.9",16.4,84,南,1.1,0,-
1008,臺北,2020/01/22,00:01:00,"1,015.7",19.5,87,南,0.4,0,-
1009,臺北,2020/01/21,23:01:00,"1,018.2",16.6,83,東南,1.1,0,-
1010,臺北,2020/01/21,22:01:00,"1,018.7",17.5,78,南南西,0.4,0,-
1011,臺北,2020/01/21,21:01:00,"1,019.2",17.6,76,東北東,1,0,-
1012,臺北,2020/01/21,20:01:00,"1,019.2",18.5,72,東南東,2.4,0,-
1013,臺北,2020/01/21,19:01:00,"1,018.7",18.9,69,東,2.5,0,0
1014,臺北,2020/01/21,18:01:00,"1,018.4",19.8,65,東南東,3.4,0,0
1015,臺北,2020/01/21,17:01:00,"1,018",20.8,60,東,3.9,0,1
1016,臺北,2020/01/21,16:01:00,"1,017.6",22.1,46,東,4,0,1
1017,臺北,2020/01/21,15:01:00,"1,018",23.3,44,東南東,3.8,0,1
1018,臺北,2020/01/21,14:01:00,"1,018.5",23.2,45,東,4,0,1
1019,臺北,2020/01/21,13:01:00,"1,019.3",21.6,55,東,5.1,0,1
1020,臺北,2020/01/21,12:01:00,"1,020.3",22.4,50,東,3.8,0,1
1021,臺北,2020/01/21,11:01:00,"1,022",20.5,52,東,5.8,0,1
1022,臺北,2020/01/21,10:01:00,"1,022.3",19.6,53,東,6.3,0,1
1023,臺北,2020/01/21,09:01:00,"1,022",18.3,61,東,5.6,0,1
1024,臺北,2020/01/21,08:01:00,"1,021.5",16.3,76,東,3,0,0.4
1025,臺北,2020/01/21,07:01:00,"1,021.1",15.4,79,東,3.4,0,0
1026,臺北,2020/01/21,06:01:00,"1,020.6",15,78,東,4.2,0,0
1027,臺北,2020/01/21,05:01:00,"1,019.9",14.9,77,東,4.1,0,-
1028,臺北,2020/01/21,04:01:00,"1,019.8",14.9,77,東,4.3,0,-
1029,臺北,2020/01/21,03:01:00,"1,019.9",14.8,77,東,4.4,0,-
1030,臺北,2020/01/21,02:01:00,"1,020.4",14.9,76,東,4.9,0,-
1031,臺北,2020/01/21,01:01:00,"1,020.8",14.8,77,東,4,0,-
1032,臺北,2020/01/21,00:01:00,"1,017.3",16.6,85,南南西,0.8,0,-
1033,臺北,2020/01/20,23:01:00,"1,021.2",15,75,東,4.8,0,-
1034,臺北,2020/01/20,22:01:00,"1,021.5",15.1,74,東,4.3,0,-
1035,臺北,2020/01/20,21:01:00,"1,021.6",15.4,71,東,3.7,0,-
1036,臺北,2020/01/20,20:01:00,"1,021.6",15.6,69,東,4.7,0,-
1037,臺北,2020/01/20,19:01:00,"1,020.9",15.8,68,東,3.5,0,0
1038,臺北,2020/01/20,18:01:00,"1,020.5",15.9,67,東北東,3,0,0
1039,臺北,2020/01/20,17:01:00,"1,019.6",16,67,東,3.7,0,0
1040,臺北,2020/01/20,16:01:00,"1,018.7",16.8,60,東,2.4,0,0.5
1041,臺北,2020/01/20,15:01:00,"1,018.2",18.1,52,東,5.3,0,0.9
1042,臺北,2020/01/20,14:01:00,"1,018.4",19.6,49,東,4.2,0,0.9
1043,臺北,2020/01/20,13:01:00,"1,019.1",19,54,東南東,2.2,0,0.4
1044,臺北,2020/01/20,12:01:00,"1,020.1",18.9,54,東南,1.1,0,0.1
1045,臺北,2020/01/20,11:01:00,"1,020.9",17.1,67,靜風,0.2,0,0
1046,臺北,2020/01/20,10:01:00,"1,021.3",17.4,67,北,0.8,0,0
1047,臺北,2020/01/20,09:01:00,"1,020.9",15.9,77,東南,0.9,0,0
1048,臺北,2020/01/20,08:01:00,"1,020.8",14.5,90,西南,0.7,0,0
1049,臺北,2020/01/20,07:01:00,"1,020.2",14.2,91,西南西,0.5,0,0
1050,臺北,2020/01/20,06:01:00,"1,019.3",13.8,92,西南,1.5,0,0
1051,臺北,2020/01/20,05:01:00,"1,018.9",14.1,88,西南西,1.1,0,-
1052,臺北,2020/01/20,04:01:00,"1,018.5",14.6,84,西南,1,0,-
1053,臺北,2020/01/20,03:01:00,"1,018.5",14.6,84,東南東,0.8,0,-
1054,臺北,2020/01/20,02:01:00,"1,018.6",14.6,85,東南,0.8,0,-
1055,臺北,2020/01/20,01:01:00,"1,018.7",14.5,85,東北東,1.8,0,-
1056,臺北,2020/01/20,00:01:00,"1,021",14.8,76,東,3.9,0,-
1057,臺北,2020/01/19,23:01:00,"1,019.1",14.5,86,東,2.9,0,-
1058,臺北,2020/01/19,22:01:00,"1,019.2",14.7,87,東南東,1.3,0,-
1059,臺北,2020/01/19,21:01:00,"1,019.2",14.7,87,東南東,2.5,0,-
1060,臺北,2020/01/19,20:01:00,"1,019.1",14.6,88,東南東,2.4,0,-
1061,臺北,2020/01/19,19:01:00,"1,019.1",14.6,88,東南,2.3,0,0
1062,臺北,2020/01/19,18:01:00,"1,018.4",15,89,東南東,1.8,0,0
1063,臺北,2020/01/19,17:01:00,"1,017.7",15.2,89,東,1.2,0,0
1064,臺北,2020/01/19,16:01:00,"1,016.9",15.1,91,東,1.5,0,0
1065,臺北,2020/01/19,15:01:00,"1,016.7",14.7,96,靜風,0.1,0,0
1066,臺北,2020/01/19,14:01:00,"1,017",14.5,95,靜風,0.1,0,0
1067,臺北,2020/01/19,13:01:00,"1,017.6",14.4,95,西,0.7,1,0
1068,臺北,2020/01/19,12:01:00,"1,018.7",14.4,94,西,1.2,1,0
1069,臺北,2020/01/19,11:01:00,"1,019.6",14.3,92,西,0.6,0,0
1070,臺北,2020/01/19,10:01:00,"1,019.7",14.8,89,西北西,1.7,0,0
1071,臺北,2020/01/19,09:01:00,"1,019",14.7,90,南南西,0.7,0,0
1072,臺北,2020/01/19,08:01:00,"1,018.7",14.7,87,東南,0.3,0,0
1073,臺北,2020/01/19,07:01:00,"1,017.8",15.2,83,南南東,0.3,0,0
1074,臺北,2020/01/19,06:01:00,"1,017.2",15.3,82,南,1.4,0,0
1075,臺北,2020/01/19,05:01:00,"1,016.7",15.2,82,南南東,0.9,0,-
1076,臺北,2020/01/19,04:01:00,"1,016.6",15.1,82,東北,0.9,0,-
1077,臺北,2020/01/19,03:01:00,"1,016.2",14.9,84,東,3.2,0,-
1078,臺北,2020/01/19,02:01:00,"1,016.5",14.9,83,東,3.3,0,-
1079,臺北,2020/01/19,01:01:00,"1,016.8",15.5,79,東南東,2,0,-
1080,臺北,2020/01/19,00:01:00,"1,018.8",14.5,86,東,2.3,0,-
1081,臺北,2020/01/18,23:01:00,"1,017",15.6,78,東,1.8,0,-
1082,臺北,2020/01/18,22:01:00,"1,017.4",15.5,78,東,2.7,0,-
1083,臺北,2020/01/18,21:01:00,"1,016.9",15.3,78,東南東,2.8,0,-
1084,臺北,2020/01/18,20:01:00,"1,017.1",14.8,80,東南東,3,0,-
1085,臺北,2020/01/18,19:01:00,"1,017.3",14.7,78,東南東,3.2,0,0
1086,臺北,2020/01/18,18:01:00,"1,017.2",14.6,77,東,3.4,0,0
1087,臺北,2020/01/18,17:01:00,"1,017",14.6,76,東南東,2.4,0,0
1088,臺北,2020/01/18,16:01:00,"1,016.8",14.7,73,東南東,2.6,0,0
1089,臺北,2020/01/18,15:01:00,"1,016.6",14.9,69,東,3.2,0,0
1090,臺北,2020/01/18,14:01:00,"1,016.5",15.5,66,東南東,2.5,0,0
1091,臺北,2020/01/18,13:01:00,"1,017.1",15.3,66,東,2.4,0,0
1092,臺北,2020/01/18,12:01:00,"1,018.1",15.1,66,東,2.8,0,0
1093,臺北,2020/01/18,11:01:00,"1,019",15.1,68,東,3,0,0
1094,臺北,2020/01/18,10:01:00,"1,019.4",15,70,東,1.7,0,0
1095,臺北,2020/01/18,09:01:00,"1,019.6",14.5,71,東南東,2.8,0,0
1096,臺北,2020/01/18,08:01:00,"1,018.9",14,72,東南東,2.6,0,0
1097,臺北,2020/01/18,07:01:00,"1,018.7",13.8,72,東,3.1,0,0
1098,臺北,2020/01/18,06:01:00,"1,018.3",13.7,76,東,1.8,0,0
1099,臺北,2020/01/18,05:01:00,"1,018",13.7,79,東,1.5,0,-
1100,臺北,2020/01/18,04:01:00,"1,018",13.3,84,西南,1,0,-
1101,臺北,2020/01/18,03:01:00,"1,018.3",13.7,78,東北,0.8,0,-
1102,臺北,2020/01/18,02:01:00,"1,018.4",13.6,86,南,0.8,0,-
1103,臺北,2020/01/18,01:01:00,"1,018.7",13.3,89,南南西,1.2,0,-
1104,臺北,2020/01/18,00:01:00,"1,017.1",15.6,79,東,2.2,0,-
1105,臺北,2020/01/17,23:01:00,"1,018.8",13.8,82,東,2.6,0,-
1106,臺北,2020/01/17,22:01:00,"1,018.8",14.6,77,東,1.4,0,-
1107,臺北,2020/01/17,21:01:00,"1,018.6",14.5,77,東,2.9,0,-
1108,臺北,2020/01/17,20:01:00,"1,018.6",14.8,80,東,2.7,0,-
1109,臺北,2020/01/17,19:01:00,"1,018",15.1,76,東,2.3,0,0
1110,臺北,2020/01/17,18:01:00,"1,017.6",15.3,78,東,2,0,0
1111,臺北,2020/01/17,17:01:00,"1,017",15.2,78,東,3.9,0,0
1112,臺北,2020/01/17,16:01:00,"1,016.3",15.6,76,東,3.8,0,0
1113,臺北,2020/01/17,15:01:00,"1,016.1",15.9,78,東,3,0,0
1114,臺北,2020/01/17,14:01:00,"1,016.2",16.1,81,北北西,0.5,0,0
1115,臺北,2020/01/17,13:01:00,"1,016.4",16.4,79,東,2.1,0,0
1116,臺北,2020/01/17,12:01:00,"1,017.2",16.8,84,西北西,0.6,0,0
1117,臺北,2020/01/17,11:01:00,"1,018",16.5,88,西南西,0.8,0,0
1118,臺北,2020/01/17,10:01:00,"1,018.5",16.3,91,南南西,0.8,0,0
1119,臺北,2020/01/17,09:01:00,"1,018.1",15.9,93,南南西,0.5,0,0
1120,臺北,2020/01/17,08:01:00,"1,017.6",15.6,91,西南西,0.6,2,0
1121,臺北,2020/01/17,07:01:00,"1,016.9",16.3,89,南南東,1.6,0,0
1122,臺北,2020/01/17,06:01:00,"1,016.3",16.1,88,西北西,0.5,0,0
1123,臺北,2020/01/17,05:01:00,"1,015.6",16.5,82,北北西,2.2,0,-
1124,臺北,2020/01/17,04:01:00,"1,015.2",17,82,北北西,3.5,0,-
1125,臺北,2020/01/17,03:01:00,"1,015.1",17.1,82,西北,1.9,0,-
1126,臺北,2020/01/17,02:01:00,"1,015.4",17.7,80,西北,1.5,0,-
1127,臺北,2020/01/17,01:01:00,"1,015.4",17.9,80,西北西,1.5,0,-
1128,臺北,2020/01/17,00:01:00,"1,018.7",13.5,88,西南,0.8,0,-
1129,臺北,2020/01/16,23:01:00,"1,015.5",18.4,77,西北,1.1,0,-
1130,臺北,2020/01/16,22:01:00,"1,015.2",18.4,80,西北,1.3,0,-
1131,臺北,2020/01/16,21:01:00,"1,015.2",18.6,79,北北西,2.2,0,-
1132,臺北,2020/01/16,20:01:00,"1,015",18.7,78,西北西,1.1,0,-
1133,臺北,2020/01/16,19:01:00,"1,014.7",18.9,78,西北,2,0,0
1134,臺北,2020/01/16,18:01:00,"1,014.4",18.9,78,西北,2.2,0,0
1135,臺北,2020/01/16,17:01:00,"1,013.7",19.6,72,北北西,2.8,0,0
1136,臺北,2020/01/16,16:01:00,"1,012.8",20.5,67,北北西,3.3,0,0.2
1137,臺北,2020/01/16,15:01:00,"1,012.2",21.7,64,北北西,2.5,0,0
1138,臺北,2020/01/16,14:01:00,"1,012.1",23.2,57,西北,1.6,0,0.7
1139,臺北,2020/01/16,13:01:00,"1,012.9",22.3,62,西北,2.2,0,0.8
1140,臺北,2020/01/16,12:01:00,"1,014.3",24.1,54,西北,1.8,0,0.6
1141,臺北,2020/01/16,11:01:00,"1,015.2",23.8,57,西北,1.2,0,0.7
1142,臺北,2020/01/16,10:01:00,"1,015.9",21.8,77,東南東,0.4,0,0.2
1143,臺北,2020/01/16,09:01:00,"1,016.1",19.3,84,西北,0.3,0,0.1
1144,臺北,2020/01/16,08:01:00,"1,015.9",18,90,西南西,0.8,0,0.1
1145,臺北,2020/01/16,07:01:00,"1,015.8",17.9,92,西北西,1.6,0,0
1146,臺北,2020/01/16,06:01:00,"1,015.5",17.7,92,西,0.9,0,0
1147,臺北,2020/01/16,05:01:00,"1,015.2",18.1,86,西南西,0.6,0,-
1148,臺北,2020/01/16,04:01:00,"1,014.8",18,86,西南西,0.9,0,-
1149,臺北,2020/01/16,03:01:00,"1,014.9",17.9,87,西南西,0.9,0,-
1150,臺北,2020/01/16,02:01:00,"1,015.2",18,88,東北,0.6,0,-
1151,臺北,2020/01/16,01:01:00,"1,015.4",17.4,91,東南,1.7,0,-
1152,臺北,2020/01/16,00:01:00,"1,015.4",18.1,79,北北西,3.5,0,-
1153,臺北,2020/01/15,23:01:00,"1,015.8",17.8,86,東,2,0,-
1154,臺北,2020/01/15,22:01:00,"1,016.2",18.1,87,東南,2.2,0,-
1155,臺北,2020/01/15,21:01:00,"1,016.3",17.8,89,南南西,1.1,0,-
1156,臺北,2020/01/15,20:01:00,"1,016.4",18.3,89,西南,0.5,0,-
1157,臺北,2020/01/15,19:01:00,"1,016.1",18.9,83,東南東,1.4,0,0
1158,臺北,2020/01/15,18:01:00,"1,015.6",18.9,85,東,2.5,0,0
1159,臺北,2020/01/15,17:01:00,"1,014.9",18.8,79,東,4.4,0,1
1160,臺北,2020/01/15,16:01:00,"1,014.6",20.4,67,東,3.7,0,0.3
1161,臺北,2020/01/15,15:01:00,"1,014.1",19.7,72,東,4.5,0,0
1162,臺北,2020/01/15,14:01:00,"1,014.5",20.2,73,東北東,3.9,0,0
1163,臺北,2020/01/15,13:01:00,"1,015.2",19.6,74,東,4.3,0,0
1164,臺北,2020/01/15,12:01:00,"1,016.4",20.3,70,東,4.3,0,0.1
1165,臺北,2020/01/15,11:01:00,"1,017.7",18.5,81,東,4.6,0,0
1166,臺北,2020/01/15,10:01:00,"1,018.4",18,80,東,3.6,0,0
1167,臺北,2020/01/15,09:01:00,"1,018.2",18.1,81,東,5,0,0
1168,臺北,2020/01/15,08:01:00,"1,018.1",17.6,81,東,5,0,0
1169,臺北,2020/01/15,07:01:00,"1,017.6",17.3,81,東,4.1,0,0
1170,臺北,2020/01/15,06:01:00,"1,017.2",17,81,東,4.8,0,0
1171,臺北,2020/01/15,05:01:00,"1,017.1",16.9,80,東,3.2,0,-
1172,臺北,2020/01/15,04:01:00,"1,016.9",16.7,80,東,3,0,-
1173,臺北,2020/01/15,03:01:00,"1,017.5",16.7,79,東南東,3.2,0,-
1174,臺北,2020/01/15,02:01:00,"1,017.5",16.5,78,東,4.4,0,-
1175,臺北,2020/01/15,01:01:00,"1,017.9",16.5,78,東,4.5,0,-
1176,臺北,2020/01/15,00:01:00,"1,015.5",17.8,85,南南東,2,0,-
1177,臺北,2020/01/14,23:01:00,"1,018.8",16.5,77,東,4.5,0,-
1178,臺北,2020/01/14,22:01:00,"1,018.9",16.4,77,東,5.6,0,-
1179,臺北,2020/01/14,21:01:00,"1,019.3",16.9,77,東,3.7,0,-
1180,臺北,2020/01/14,20:01:00,"1,019",17.4,77,東,3.5,0,-
1181,臺北,2020/01/14,19:01:00,"1,018.4",17.5,79,東南東,3.7,0,0
1182,臺北,2020/01/14,18:01:00,"1,017.9",17.6,82,東,3.3,0,0
1183,臺北,2020/01/14,17:01:00,"1,017",17.8,77,東北東,4.6,0,0
1184,臺北,2020/01/14,16:01:00,"1,016.3",18.8,71,東,4.3,0,0
1185,臺北,2020/01/14,15:01:00,"1,015.8",18.9,69,東,4.2,0,0
1186,臺北,2020/01/14,14:01:00,"1,016.1",19.2,70,南,0.7,0,0
1187,臺北,2020/01/14,13:01:00,"1,016",20.6,62,東南東,2.7,0,0.3
1188,臺北,2020/01/14,12:01:00,"1,016.8",21.3,65,東,2,0,0.2
1189,臺北,2020/01/14,11:01:00,"1,017.7",20.6,63,南,1.2,0,0.6
1190,臺北,2020/01/14,10:01:00,"1,018.8",18.5,80,南南西,0.4,0,0
1191,臺北,2020/01/14,09:01:00,"1,018.4",17.1,83,西南,0.7,0,0
1192,臺北,2020/01/14,08:01:00,"1,017.6",16.5,89,東南,1.2,0,0
1193,臺北,2020/01/14,07:01:00,"1,017.2",16.7,83,南,1.1,0,0
1194,臺北,2020/01/14,06:01:00,"1,016.2",16.7,84,南南西,0.8,0,0
1195,臺北,2020/01/14,05:01:00,"1,015.7",15.9,88,北,1,0,-
1196,臺北,2020/01/14,04:01:00,"1,015.3",16.7,82,西,1.4,0,-
1197,臺北,2020/01/14,03:01:00,"1,015.4",16.3,89,西南西,1.9,0,-
1198,臺北,2020/01/14,02:01:00,"1,014.2",16.6,93,東南東,1.5,0,-
1199,臺北,2020/01/14,01:01:00,"1,013.7",17.4,92,東,2.5,0,-
1200,臺北,2020/01/14,00:01:00,"1,018.5",16.5,79,東,5,0,-
1201,臺北,2020/01/13,23:01:00,"1,014",17.5,88,東,3.8,0,-
1202,臺北,2020/01/13,22:01:00,"1,014.4",17.5,88,東北東,1.8,0,-
1203,臺北,2020/01/13,21:01:00,"1,013.1",17.5,87,東,5.7,0,-
1204,臺北,2020/01/13,20:01:00,"1,013.7",17.3,87,東,5.2,0,-
1205,臺北,2020/01/13,19:01:00,"1,014.9",17.9,82,東,2.1,0,0
1206,臺北,2020/01/13,18:01:00,"1,014.4",17.8,85,東北東,3.4,0,0
1207,臺北,2020/01/13,17:01:00,"1,013.2",18,76,東,5.2,0,0.7
1208,臺北,2020/01/13,16:01:00,"1,012.9",19,62,東,5.1,0,0.9
1209,臺北,2020/01/13,15:01:00,"1,013",19.7,64,東,3.6,0,0.5
1210,臺北,2020/01/13,14:01:00,"1,013.8",17.8,74,東南東,1.8,0,0
1211,臺北,2020/01/13,13:01:00,"1,015",16.3,85,東南東,2.5,0,0
1212,臺北,2020/01/13,12:01:00,"1,015.8",15.8,88,東南東,1.9,0,0
1213,臺北,2020/01/13,11:01:00,"1,017",15.1,93,東,2.1,0,0
1214,臺北,2020/01/13,10:01:00,"1,017.8",14.7,94,南,0.9,2,0
1215,臺北,2020/01/13,09:01:00,"1,017.1",14.2,91,東北東,1.7,4,0
1216,臺北,2020/01/13,08:01:00,"1,016.9",14.4,90,東,2.2,0,0
1217,臺北,2020/01/13,07:01:00,"1,016.4",14,90,東南,2.5,1,0
1218,臺北,2020/01/13,06:01:00,"1,015.9",14.4,84,東南東,3.2,0,0
1219,臺北,2020/01/13,05:01:00,"1,015.6",14.7,80,東,2.1,0,-
1220,臺北,2020/01/13,04:01:00,"1,014.9",15.1,77,東,2.4,0,-
1221,臺北,2020/01/13,03:01:00,"1,015",15.5,72,東南東,2.7,0,-
1222,臺北,2020/01/13,02:01:00,"1,015.1",15.2,75,東南東,2.7,0,-
1223,臺北,2020/01/13,01:01:00,"1,015.8",14.9,77,東,3.6,0,-
1224,臺北,2020/01/13,00:01:00,"1,013.9",17.6,90,東,2.3,0,-
1225,臺北,2020/01/12,23:01:00,"1,016.1",14.8,78,東,3.4,0,-
1226,臺北,2020/01/12,22:01:00,"1,016.3",15.4,77,東,3.2,0,-
1227,臺北,2020/01/12,21:01:00,"1,015.7",15.1,80,東,2.9,0,-
1228,臺北,2020/01/12,20:01:00,"1,015.5",15.1,80,東,3,0,-
1229,臺北,2020/01/12,19:01:00,"1,015.4",14.7,81,東,2.8,0,0
1230,臺北,2020/01/12,18:01:00,"1,015.3",14.6,81,東南東,2.4,0,0
1231,臺北,2020/01/12,17:01:00,"1,015.3",14.5,77,東北東,3.8,0,0
1232,臺北,2020/01/12,16:01:00,"1,014.8",14.8,73,東,3.4,0,0
1233,臺北,2020/01/12,15:01:00,"1,014.9",15,70,東北東,3.6,0,0
1234,臺北,2020/01/12,14:01:00,"1,014.8",15.1,69,東,3.9,0,0
1235,臺北,2020/01/12,13:01:00,"1,015.1",15.4,70,東,3.8,0,0
1236,臺北,2020/01/12,12:01:00,"1,016",15.7,71,東南東,3,0,0
1237,臺北,2020/01/12,11:01:00,"1,016.7",15.8,73,東,2.5,0,0
1238,臺北,2020/01/12,10:01:00,"1,017.2",16,74,東南東,1.3,0,0
1239,臺北,2020/01/12,09:01:00,"1,016.7",15.7,77,東,2.9,0,0
1240,臺北,2020/01/12,08:01:00,"1,016",15.6,77,東,3.2,0,0
1241,臺北,2020/01/12,07:01:00,"1,015.5",15.9,75,東南東,1.6,0,0
1242,臺北,2020/01/12,06:01:00,"1,014.9",15.9,76,東,1.9,0,0
1243,臺北,2020/01/12,05:01:00,"1,013.9",16.6,76,東,2.3,0,-
1244,臺北,2020/01/12,04:01:00,"1,013.3",16.8,86,南南東,0.9,0,-
1245,臺北,2020/01/12,03:01:00,"1,013",17.2,83,西,1.1,0,-
1246,臺北,2020/01/12,02:01:00,"1,012.8",18.3,78,西北,0.9,0,-
1247,臺北,2020/01/12,01:01:00,"1,012.8",18.7,78,北北西,0.8,0,-
1248,臺北,2020/01/12,00:01:00,"1,016",14.7,78,東,2.7,0,-
1249,臺北,2020/01/11,23:01:00,"1,012.6",18.8,79,南南西,0.6,0,-
1250,臺北,2020/01/11,22:01:00,"1,012.8",18.7,81,西北西,0.4,0,-
1251,臺北,2020/01/11,21:01:00,"1,012.8",18.6,82,西,1.2,0,-
1252,臺北,2020/01/11,20:01:00,"1,012.5",18.6,79,西北,1.2,0,-
1253,臺北,2020/01/11,19:01:00,"1,012.3",19.1,77,西北,1.1,0,0
1254,臺北,2020/01/11,18:01:00,"1,011.8",19.4,76,西北西,1.2,0,0
1255,臺北,2020/01/11,17:01:00,"1,011.2",20.1,72,西北西,2.5,0,0
1256,臺北,2020/01/11,16:01:00,"1,010.9",20.8,68,西北,1.6,0,0
1257,臺北,2020/01/11,15:01:00,"1,010.6",21.3,66,西北西,2.2,0,0
1258,臺北,2020/01/11,14:01:00,"1,010.7",21.9,62,西北,2.8,0,0.2
1259,臺北,2020/01/11,13:01:00,"1,011",22.9,61,北北西,3.7,0,0.9
1260,臺北,2020/01/11,12:01:00,"1,011.6",23.9,56,北北西,2.2,0,0.9
1261,臺北,2020/01/11,11:01:00,"1,012.3",23.8,62,北,1.1,0,0.7
1262,臺北,2020/01/11,10:01:00,"1,012.8",22.5,58,風向不定,0.5,0,0.9
1263,臺北,2020/01/11,09:01:00,"1,013",20.8,69,南,0.3,0,0.3
1264,臺北,2020/01/11,08:01:00,"1,013",18.4,83,南南東,0.5,0,0
1265,臺北,2020/01/11,07:01:00,"1,012.4",17.6,86,南南東,0.8,0,0
1266,臺北,2020/01/11,06:01:00,"1,012",18.3,83,南,1.4,0,0
1267,臺北,2020/01/11,05:01:00,"1,011.7",19.1,87,西南西,1.1,0,-
1268,臺北,2020/01/11,04:01:00,"1,011.5",18.4,91,西南,1.4,0,-
1269,臺北,2020/01/11,03:01:00,"1,011.5",18.1,90,西南西,0.9,0,-
1270,臺北,2020/01/11,02:01:00,"1,011.3",18.1,88,靜風,0.2,0,-
1271,臺北,2020/01/11,01:01:00,"1,011.4",18.7,88,南,1.4,0,-
1272,臺北,2020/01/11,00:01:00,"1,012.6",18.6,79,北,0.4,0,-
1273,臺北,2020/01/10,23:01:00,"1,012",19.5,82,南,1.3,0,-
1274,臺北,2020/01/10,22:01:00,"1,012.3",20.4,81,南,1.3,0,-
1275,臺北,2020/01/10,21:01:00,"1,012.1",20.7,79,南南西,1,0,-
1276,臺北,2020/01/10,20:01:00,"1,011.9",21.4,74,南,1.6,0,-
1277,臺北,2020/01/10,19:01:00,"1,011.5",22.2,69,靜風,0.2,0,0
1278,臺北,2020/01/10,18:01:00,"1,011.1",23,65,西北西,1.4,0,0
1279,臺北,2020/01/10,17:01:00,"1,010.6",23.6,60,西北西,0.4,0,0
1280,臺北,2020/01/10,16:01:00,"1,010.4",24.5,54,西北,0.7,0,0.1
1281,臺北,2020/01/10,15:01:00,"1,010.3",25.5,54,西北,1.8,0,0
1282,臺北,2020/01/10,14:01:00,"1,010.4",26.1,45,北北東,1.1,0,0.5
1283,臺北,2020/01/10,13:01:00,"1,011",25.5,53,東,1.2,0,1
1284,臺北,2020/01/10,12:01:00,"1,011.9",26.1,46,東南,2.4,0,0.9
1285,臺北,2020/01/10,11:01:00,"1,013.3",23.9,56,東,3.4,0,0.8
1286,臺北,2020/01/10,10:01:00,"1,014.2",23.4,58,東,4.4,0,1
1287,臺北,2020/01/10,09:01:00,"1,014.8",21.5,70,東北東,4.5,0,0.4
1288,臺北,2020/01/10,08:01:00,"1,014.4",19.9,78,東北東,4.4,0,0
1289,臺北,2020/01/10,07:01:00,"1,014.3",19.4,80,東北東,3.3,0,0
1290,臺北,2020/01/10,06:01:00,"1,013.8",19.3,81,東北東,4.2,0,0
1291,臺北,2020/01/10,05:01:00,"1,013.4",19.3,81,東北東,3.5,0,-
1292,臺北,2020/01/10,04:01:00,"1,013.1",18.9,82,東北東,4,0,-
1293,臺北,2020/01/10,03:01:00,"1,013.1",18.4,84,東,4.1,0,-
1294,臺北,2020/01/10,02:01:00,"1,013.2",18.3,84,東,4,0,-
1295,臺北,2020/01/10,01:01:00,"1,013.4",18.4,84,東北東,3.6,0,-
1296,臺北,2020/01/10,00:01:00,"1,011.7",18.9,86,南南東,0.9,0,-
1297,臺北,2020/01/09,23:01:00,"1,014.3",18.5,82,東北東,4.2,0,-
1298,臺北,2020/01/09,22:01:00,"1,014.7",18.5,81,東北東,4.2,0,-
1299,臺北,2020/01/09,21:01:00,"1,015.1",18.6,80,東北東,3,0,-
1300,臺北,2020/01/09,20:01:00,"1,015.2",18.9,76,東,3.7,0,-
1301,臺北,2020/01/09,19:01:00,"1,015",19.2,73,東,4.3,0,0
1302,臺北,2020/01/09,18:01:00,"1,013.9",19.7,71,東北東,3.8,0,0
1303,臺北,2020/01/09,17:01:00,"1,013.5",20.4,67,東,3.8,0,0.8
1304,臺北,2020/01/09,16:01:00,"1,013.2",21.7,51,東北東,4.1,0,1
1305,臺北,2020/01/09,15:01:00,"1,013.6",23.4,45,東,2.8,0,1
1306,臺北,2020/01/09,14:01:00,"1,013.9",23.3,46,東,3.2,0,1
1307,臺北,2020/01/09,13:01:00,"1,014.6",21.9,56,東南東,3.5,0,1
1308,臺北,2020/01/09,12:01:00,"1,015.8",22.5,48,東,3.9,0,1
1309,臺北,2020/01/09,11:01:00,"1,017.3",20.6,49,東南東,5.8,0,1
1310,臺北,2020/01/09,10:01:00,"1,018.5",20.1,53,東南東,4,0,1
1311,臺北,2020/01/09,09:01:00,"1,018.7",19.2,61,東,5.1,0,0.2
1312,臺北,2020/01/09,08:01:00,"1,018.2",18,67,東,4.2,0,0.1
1313,臺北,2020/01/09,07:01:00,"1,017.5",17.4,71,東,4.3,0,0
1314,臺北,2020/01/09,06:01:00,"1,016.9",17.3,72,東,5.1,0,0
1315,臺北,2020/01/09,05:01:00,"1,016.6",16.8,74,東,4,0,-
1316,臺北,2020/01/09,04:01:00,"1,016.3",16.7,71,東,3.1,0,-
1317,臺北,2020/01/09,03:01:00,"1,016.9",16.8,70,東,4.1,0,-
1318,臺北,2020/01/09,02:01:00,"1,017",16.7,72,東,4.4,0,-
1319,臺北,2020/01/09,01:01:00,"1,017.7",16.6,72,東,3.5,0,-
1320,臺北,2020/01/09,00:01:00,"1,013.8",18.4,83,東,3.9,0,-
1321,臺北,2020/01/08,23:01:00,"1,018.5",16.9,69,東,4.7,0,-
1322,臺北,2020/01/08,22:01:00,"1,018.4",17,68,東,4.8,0,-
1323,臺北,2020/01/08,21:01:00,"1,018.4",17,68,東南東,5.2,0,-
1324,臺北,2020/01/08,20:01:00,"1,018.2",16.8,69,東,6.6,0,-
1325,臺北,2020/01/08,19:01:00,"1,018.1",16.6,67,東,6,0,0
1326,臺北,2020/01/08,18:01:00,"1,017.9",16.7,66,東,7.1,0,0
1327,臺北,2020/01/08,17:01:00,"1,017.6",16.9,65,東,7.4,0,0
1328,臺北,2020/01/08,16:01:00,"1,017",17.8,62,東,6.8,0,0
1329,臺北,2020/01/08,15:01:00,"1,016.7",18.2,58,東,7.4,0,0
1330,臺北,2020/01/08,14:01:00,"1,017.1",19.6,52,東,6.3,0,0.5
1331,臺北,2020/01/08,13:01:00,"1,017.7",19.3,58,東,5.8,0,1
1332,臺北,2020/01/08,12:01:00,"1,018.4",20.8,49,東,6.5,0,1
1333,臺北,2020/01/08,11:01:00,"1,019.5",21,52,東,4.5,0,0.9
1334,臺北,2020/01/08,10:01:00,"1,020.5",20.1,63,東,3.8,0,0.2
1335,臺北,2020/01/08,09:01:00,"1,020.3",19.8,64,東北東,4.9,0,0.5
1336,臺北,2020/01/08,08:01:00,"1,019.8",19.4,77,東,2.7,0,0.3
1337,臺北,2020/01/08,07:01:00,"1,019",18.9,79,東北東,3.9,0,0
1338,臺北,2020/01/08,06:01:00,"1,018",18.5,88,東南東,1.4,0,0
1339,臺北,2020/01/08,05:01:00,"1,017.2",18.3,85,東南,1.3,0,-
1340,臺北,2020/01/08,04:01:00,"1,016.2",18.4,85,南,0.6,0,-
1341,臺北,2020/01/08,03:01:00,"1,015.5",18.9,84,南,1.5,0,-
1342,臺北,2020/01/08,02:01:00,"1,015",18.9,83,南,0.5,0,-
1343,臺北,2020/01/08,01:01:00,"1,015.2",19.4,82,南,1,0,-
1344,臺北,2020/01/08,00:01:00,"1,018.2",16.8,68,東南東,4.9,0,-
1345,臺北,2020/01/07,23:01:00,"1,014.6",20.3,83,,0.1,0,-
1346,臺北,2020/01/07,22:01:00,"1,014.2",20.8,82,,0.8,0,-
1347,臺北,2020/01/07,21:01:00,"1,014.4",21.2,80,,0.9,0,-
1348,臺北,2020/01/07,20:01:00,"1,014.4",22.1,76,,1.6,0,-
1349,臺北,2020/01/07,19:01:00,"1,013.8",22.7,68,,0.4,0,0
1350,臺北,2020/01/07,18:01:00,"1,013.2",23.7,63,,1,0,0
1351,臺北,2020/01/07,17:01:00,"1,012.6",25.1,56,,1,0,0
1352,臺北,2020/01/07,16:01:00,"1,012",26.6,46,,2.6,0,0
1353,臺北,2020/01/07,15:01:00,"1,011.5",27.5,40,,2.9,0,0.7
1354,臺北,2020/01/07,14:01:00,"1,011.8",27.8,42,,2.5,0,0.4
1355,臺北,2020/01/07,13:01:00,"1,012.8",26.1,48,,2.1,0,0.8
1356,臺北,2020/01/07,12:01:00,"1,014.3",26,50,,0.8,0,1
1357,臺北,2020/01/07,11:01:00,"1,015.2",24.8,54,,0.9,0,1
1358,臺北,2020/01/07,10:01:00,"1,014.6",23.5,58,,0.9,0,0.6
1359,臺北,2020/01/07,09:01:00,"1,014.2",20.7,72,,0.7,0,0.6
1360,臺北,2020/01/07,08:01:00,"1,014.6",18.9,85,,1.5,0,0
1361,臺北,2020/01/07,07:01:00,"1,014.4",19,87,,2,0,0
1362,臺北,2020/01/07,06:01:00,"1,013.6",19.5,93,,1.4,0,0
1363,臺北,2020/01/07,05:01:00,"1,012.6",19,90,,0.9,0,-
1364,臺北,2020/01/07,04:01:00,"1,012.2",19.5,92,,1.9,0,-
1365,臺北,2020/01/07,03:01:00,"1,011.9",19.6,91,,0.8,0,-
1366,臺北,2020/01/07,02:01:00,"1,012",20,90,,0.2,0,-
1367,臺北,2020/01/07,01:01:00,"1,012.9",20.4,88,,0.1,0,-
1368,臺北,2020/01/07,00:01:00,"1,015",20.1,82,,0.5,0,-
1369,臺北,2020/01/06,23:01:00,"1,014.4",21.1,85,,0.7,0,-
1370,臺北,2020/01/06,22:01:00,"1,014.9",20.8,86,,1.3,0,-
1371,臺北,2020/01/06,21:01:00,"1,015.4",20.6,85,,0.7,0,-
1372,臺北,2020/01/06,20:01:00,"1,015.3",20.8,85,,0,0,-
1373,臺北,2020/01/06,19:01:00,"1,015.3",20.8,83,,0.3,0,0
1374,臺北,2020/01/06,18:01:00,"1,015.3",21.2,80,,0.5,0,0
1375,臺北,2020/01/06,17:01:00,"1,015",21.9,74,,1.1,0,0
1376,臺北,2020/01/06,16:01:00,"1,014.3",23.3,66,,1.6,0,0.1
1377,臺北,2020/01/06,15:01:00,"1,014.2",25.6,54,,1.3,0,0.9
1378,臺北,2020/01/06,14:01:00,"1,014.5",26.8,49,,1.8,0,0.9
1379,臺北,2020/01/06,13:01:00,"1,014.8",26.4,49,,0.2,0,1
1380,臺北,2020/01/06,12:01:00,"1,016.1",27.1,43,,0.3,0,1
1381,臺北,2020/01/06,11:01:00,"1,017.3",25.9,47,,0.5,0,1
1382,臺北,2020/01/06,10:01:00,"1,018.1",24,52,,0.3,0,1
1383,臺北,2020/01/06,09:01:00,"1,018.5",21.4,63,,0.7,0,1
1384,臺北,2020/01/06,08:01:00,"1,018.2",19,87,,1.1,0,0.5
1385,臺北,2020/01/06,07:01:00,"1,017.8",18,92,,0.9,0,0
1386,臺北,2020/01/06,06:01:00,"1,017.5",17.8,92,,0.3,0,0
1387,臺北,2020/01/06,05:01:00,"1,016.9",18,90,,0.7,0,-
1388,臺北,2020/01/06,04:01:00,"1,016.2",18.2,88,,0.4,0,-
1389,臺北,2020/01/06,03:01:00,"1,016.2",19,85,,1.4,0,-
1390,臺北,2020/01/06,02:01:00,"1,016.4",19.4,82,,1.1,0,-
1391,臺北,2020/01/06,01:01:00,"1,016.4",21.1,77,,2,0,-
1392,臺北,2020/01/06,00:01:00,"1,013.7",20.9,86,,1.1,0,-
1393,臺北,2020/01/05,23:01:00,"1,017.4",21.3,77,,2.6,0,-
1394,臺北,2020/01/05,22:01:00,"1,017.8",21.3,77,,2.5,0,-
1395,臺北,2020/01/05,21:01:00,"1,018.2",21.5,76,,2.5,0,-
1396,臺北,2020/01/05,20:01:00,"1,018",21.9,73,,2.9,0,-
1397,臺北,2020/01/05,19:01:00,"1,017.8",22.2,72,,3.8,0,0
1398,臺北,2020/01/05,18:01:00,"1,017.2",22.4,71,,3.5,0,0
1399,臺北,2020/01/05,17:01:00,"1,016.8",22.8,66,,2.2,0,0
1400,臺北,2020/01/05,16:01:00,"1,016.3",23.7,54,,2.5,0,0.6
1401,臺北,2020/01/05,15:01:00,"1,015.7",24.8,50,,4.6,0,0.6
1402,臺北,2020/01/05,14:01:00,"1,015.6",25.4,47,,4.8,0,1
1403,臺北,2020/01/05,13:01:00,"1,015.7",25.2,55,,4.7,0,0.8
1404,臺北,2020/01/05,12:01:00,"1,016.7",25.5,48,,3.9,0,0.9
1405,臺北,2020/01/05,11:01:00,"1,017.8",25.3,49,,3.9,0,1
1406,臺北,2020/01/05,10:01:00,"1,019",24,57,,4.8,0,0.5
1407,臺北,2020/01/05,09:01:00,"1,019.2",22,74,,3.9,0,0.2
1408,臺北,2020/01/05,08:01:00,"1,018.4",20.5,81,,3.9,0,0.5
1409,臺北,2020/01/05,07:01:00,"1,018.1",20,80,,4.1,0,0
1410,臺北,2020/01/05,06:01:00,"1,017.6",20,82,,4.6,0,0
1411,臺北,2020/01/05,05:01:00,"1,017.3",20,84,,4.3,0,-
1412,臺北,2020/01/05,04:01:00,"1,017",19.7,87,,4.6,0,-
1413,臺北,2020/01/05,03:01:00,"1,017.4",19.5,88,,3.9,0,-
1414,臺北,2020/01/05,02:01:00,"1,017.5",19.5,88,,3.8,0,-
1415,臺北,2020/01/05,01:01:00,"1,017.7",19.6,86,,4.3,0,-
1416,臺北,2020/01/05,00:01:00,"1,016.9",21.3,76,,2,0,-
1417,臺北,2020/01/04,23:01:00,"1,017.8",20.6,73,,4.2,0,-
1418,臺北,2020/01/04,22:01:00,"1,018",20.8,71,,4.2,0,-
1419,臺北,2020/01/04,21:01:00,"1,017.7",21,71,,4.3,0,-
1420,臺北,2020/01/04,20:01:00,"1,017.6",20.9,72,,4.6,0,-
1421,臺北,2020/01/04,19:01:00,"1,017.4",21.2,72,,4.5,0,0
1422,臺北,2020/01/04,18:01:00,"1,016.8",21.8,69,,4,0,0
1423,臺北,2020/01/04,17:01:00,"1,015.8",22.8,61,,3.7,0,0.5
1424,臺北,2020/01/04,16:01:00,"1,015",24.4,47,,4,0,1
1425,臺北,2020/01/04,15:01:00,"1,014.7",26.2,41,,3.1,0,1
1426,臺北,2020/01/04,14:01:00,"1,014.6",26.6,40,,3.5,0,1
1427,臺北,2020/01/04,13:01:00,"1,015.3",25.5,47,,4.2,0,1
1428,臺北,2020/01/04,12:01:00,"1,016.2",26.3,46,,2.7,0,1
1429,臺北,2020/01/04,11:01:00,"1,017.7",24.9,49,,2.9,0,1
1430,臺北,2020/01/04,10:01:00,"1,018.9",23.3,54,,0.8,0,1
1431,臺北,2020/01/04,09:01:00,"1,019.2",20.2,62,,0.4,0,1
1432,臺北,2020/01/04,08:01:00,"1,018.7",17.3,89,,0.9,0,0.9
1433,臺北,2020/01/04,07:01:00,"1,018.3",16.4,90,,0.4,0,0
1434,臺北,2020/01/04,06:01:00,"1,017.8",16.1,89,,0.2,0,0
1435,臺北,2020/01/04,05:01:00,"1,017.3",16.6,85,,0.8,0,-
1436,臺北,2020/01/04,04:01:00,"1,016.7",17.2,85,,0.9,0,-
1437,臺北,2020/01/04,03:01:00,"1,016.4",17.9,82,,1.1,0,-
1438,臺北,2020/01/04,02:01:00,"1,016.7",19.2,78,,2.2,0,-
1439,臺北,2020/01/04,01:01:00,"1,017.2",19.3,77,,2.5,0,-
1440,臺北,2020/01/04,00:01:00,"1,017.7",19.6,85,,3.4,0,-
1441,臺北,2020/01/03,23:01:00,"1,018.5",19.6,77,,3.3,0,-
1442,臺北,2020/01/03,22:01:00,"1,019.1",19.6,77,,3,0,-
1443,臺北,2020/01/03,21:01:00,"1,019.1",19.8,75,,3,0,-
1444,臺北,2020/01/03,20:01:00,"1,018.7",20.5,71,,3.3,0,-
1445,臺北,2020/01/03,19:01:00,"1,018.1",21,69,,3,0,0
1446,臺北,2020/01/03,18:01:00,"1,017.2",21.4,67,,1.9,0,0
1447,臺北,2020/01/03,17:01:00,"1,016.9",22.4,60,,1.8,0,0.8
1448,臺北,2020/01/03,16:01:00,"1,016.3",24.5,45,,2.8,0,1
1449,臺北,2020/01/03,15:01:00,"1,016.4",26.2,38,,2.7,0,1
1450,臺北,2020/01/03,14:01:00,"1,016.6",26.3,38,,3.2,0,1
1451,臺北,2020/01/03,13:01:00,"1,017.4",24.8,46,,3.5,0,0.9
1452,臺北,2020/01/03,12:01:00,"1,018.4",24.6,46,,4,0,0.5
1453,臺北,2020/01/03,11:01:00,"1,019.8",25.3,42,,3.6,0,1
1454,臺北,2020/01/03,10:01:00,"1,020.9",23.4,51,,3.4,0,1
1455,臺北,2020/01/03,09:01:00,"1,021.2",21.7,55,,2.5,0,1
1456,臺北,2020/01/03,08:01:00,"1,020.8",18.8,78,,0.7,0,1
1457,臺北,2020/01/03,07:01:00,"1,019.7",18.1,80,,3.2,0,0
1458,臺北,2020/01/03,06:01:00,"1,019.3",17.9,80,,3.2,0,0
1459,臺北,2020/01/03,05:01:00,"1,018.9",17.7,80,,3.6,0,-
1460,臺北,2020/01/03,04:01:00,"1,018.6",17.8,79,,3.9,0,-
1461,臺北,2020/01/03,03:01:00,"1,018.6",18,79,,4,0,-
1462,臺北,2020/01/03,02:01:00,"1,019",18,77,,3.7,0,-
1463,臺北,2020/01/03,01:01:00,"1,019.6",18.1,77,,3.8,0,-
1464,臺北,2020/01/03,00:01:00,"1,017.8",19.4,77,,3.1,0,-
1465,臺北,2020/01/02,23:01:00,"1,020.8",18.5,78,,3.8,0,-
1466,臺北,2020/01/02,22:01:00,"1,021.4",18.6,78,,4.1,0,-
1467,臺北,2020/01/02,21:01:00,"1,021.5",19,76,,4,0,-
1468,臺北,2020/01/02,20:01:00,"1,021.6",19.2,76,,3.5,0,-
1469,臺北,2020/01/02,19:01:00,"1,020.9",19.6,74,,4,0,0
1470,臺北,2020/01/02,18:01:00,"1,020.6",20,72,,4.1,0,0
1471,臺北,2020/01/02,17:01:00,"1,020.1",20.9,66,,3.5,0,0.9
1472,臺北,2020/01/02,16:01:00,"1,019.4",23.6,48,,3.3,0,1
1473,臺北,2020/01/02,15:01:00,"1,019.1",25.2,44,,3.9,0,1
1474,臺北,2020/01/02,14:01:00,"1,019.1",25.8,46,,2.1,0,1
1475,臺北,2020/01/02,13:01:00,"1,019.7",23.6,57,,3.8,0,1
1476,臺北,2020/01/02,12:01:00,"1,020.8",24.4,50,,3.4,0,1
1477,臺北,2020/01/02,11:01:00,"1,022.1",23,51,,3.4,0,1
1478,臺北,2020/01/02,10:01:00,"1,022.8",22.2,54,,3.9,0,1
1479,臺北,2020/01/02,09:01:00,"1,023.1",20.5,62,,3.5,0,1
1480,臺北,2020/01/02,08:01:00,"1,022.9",17.9,79,,4.3,0,0.9
1481,臺北,2020/01/02,07:01:00,"1,022.4",16.9,84,,4.4,0,0
1482,臺北,2020/01/02,06:01:00,"1,021.7",16.6,86,,3.8,0,0
1483,臺北,2020/01/02,05:01:00,"1,021.4",16.5,87,,4.2,0,-
1484,臺北,2020/01/02,04:01:00,"1,020.8",16.5,86,,3.5,0,-
1485,臺北,2020/01/02,03:01:00,"1,021",16.6,86,,4.3,0,-
1486,臺北,2020/01/02,02:01:00,"1,021.7",16.9,85,,3.9,0,-
1487,臺北,2020/01/02,01:01:00,"1,022.6",17.2,84,,3.8,0,-
1488,臺北,2020/01/02,00:01:00,"1,020.1",18.3,77,,4,0,-
1489,臺北,2020/01/01,23:01:00,"1,023",16.7,87,,3.6,0,-
1490,臺北,2020/01/01,22:01:00,"1,023.1",16.7,86,,4.3,0,-
1491,臺北,2020/01/01,21:01:00,"1,023.3",16.7,88,,5,0,-
1492,臺北,2020/01/01,20:01:00,"1,023.5",16.4,88,,4.2,0,-
1493,臺北,2020/01/01,19:01:00,"1,023.6",16.1,90,,4.5,0,0
1494,臺北,2020/01/01,18:01:00,"1,023.4",16.1,89,,4.8,0,0
1495,臺北,2020/01/01,17:01:00,"1,023.3",16,87,,3.7,0,0
1496,臺北,2020/01/01,16:01:00,"1,023.3",16.9,80,,3.4,0,0.1
1497,臺北,2020/01/01,15:01:00,"1,023.1",16.6,80,,3.5,0,0
1498,臺北,2020/01/01,14:01:00,"1,023.3",16.6,81,,3.4,0,0
1499,臺北,2020/01/01,13:01:00,"1,023.6",16.6,79,,4,0,0
1500,臺北,2020/01/01,12:01:00,"1,024.4",16.8,79,,4.1,0,0
1501,臺北,2020/01/01,11:01:00,"1,025.5",16.5,82,,4.5,0,0
1502,臺北,2020/01/01,10:01:00,"1,026.2",16.3,82,,5,0,0
1503,臺北,2020/01/01,09:01:00,"1,026",16.4,82,,4.5,0,0
1504,臺北,2020/01/01,08:01:00,"1,025.6",15.4,89,,3.5,0,0
1505,臺北,2020/01/01,07:01:00,"1,025.2",14.9,90,,3.1,0,0
1506,臺北,2020/01/01,06:01:00,"1,024.4",14.9,87,,4.1,0,0
1507,臺北,2020/01/01,05:01:00,"1,024.1",14.7,90,,2.8,0,-
1508,臺北,2020/01/01,04:01:00,"1,023.8",14.5,91,,4.3,0,-
1509,臺北,2020/01/01,03:01:00,"1,024",14.7,89,,3.1,0,-
1510,臺北,2020/01/01,02:01:00,"1,024.3",14.8,85,,3.3,0,-
1511,臺北,2020/01/01,01:01:00,"1,024.9",14.8,82,,3.6,0,-
1512,臺北,2020/01/01,00:01:00,"1,022.8",17.1,85,,3.8,0,-
,,,,,,,,,,
,,,,,,,,,,
